Record Length,2.500000e+03,,   0.000180000000,  -0.07200,
Sample Interval,4.000000e-08,,   0.000180040000,  -0.06800,
Trigger Point,-4.500000000000e+03,,   0.000180080000,  -0.06400,
,,,   0.000180120000,  -0.06400,
,,,   0.000180160000,  -0.06000,
,,,   0.000180200000,  -0.05600,
Source,CH1,,   0.000180240000,  -0.05200,
Vertical Units,V,,   0.000180280000,  -0.04800,
Vertical Scale,1.000000e-01,,   0.000180320000,  -0.04800,
Vertical Offset,0.000000e+00,,   0.000180360000,  -0.04400,
Horizontal Units,s,,   0.000180400000,  -0.04000,
Horizontal Scale,1.000000e-05,,   0.000180440000,  -0.03600,
Pt Fmt,Y,,   0.000180480000,  -0.03200,
Yzero,0.000000e+00,,   0.000180520000,  -0.02800,
Probe Atten,1.000000e+00,,   0.000180560000,  -0.02400,
Model Number,TDS2012B,,   0.000180600000,  -0.02400,
Serial Number,C102475,,   0.000180640000,  -0.02000,
Firmware Version,FV:v22.11,,   0.000180680000,  -0.01200,
,,,0.000180720000,  -0.00800,
,,,0.000180760000,  -0.00800,
,,,0.000180800000,  -0.00400,
,,,0.000180840000,   0.00000,
,,,0.000180880000,   0.00400,
,,,0.000180920000,   0.00800,
,,,0.000180960000,   0.00800,
,,,0.000181000000,   0.01600,
,,,0.000181040000,   0.02000,
,,,0.000181080000,   0.02400,
,,,0.000181120000,   0.02400,
,,,0.000181160000,   0.03200,
,,,0.000181200000,   0.03200,
,,,0.000181240000,   0.03600,
,,,0.000181280000,   0.04000,
,,,0.000181320000,   0.04400,
,,,0.000181360000,   0.04800,
,,,0.000181400000,   0.05200,
,,,0.000181440000,   0.05200,
,,,0.000181480000,   0.05600,
,,,0.000181520000,   0.06000,
,,,0.000181560000,   0.06400,
,,,0.000181600000,   0.06400,
,,,0.000181640000,   0.06800,
,,,0.000181680000,   0.07200,
,,,0.000181720000,   0.07600,
,,,0.000181760000,   0.08000,
,,,0.000181800000,   0.08400,
,,,0.000181840000,   0.08800,
,,,0.000181880000,   0.08800,
,,,0.000181920000,   0.09200,
,,,0.000181960000,   0.09600,
,,,0.000182000000,   0.10000,
,,,0.000182040000,   0.10400,
,,,0.000182080000,   0.10400,
,,,0.000182120000,   0.10800,
,,,0.000182160000,   0.11200,
,,,0.000182200000,   0.11600,
,,,0.000182240000,   0.12000,
,,,0.000182280000,   0.12000,
,,,0.000182320000,   0.12400,
,,,0.000182360000,   0.12800,
,,,0.000182400000,   0.12800,
,,,0.000182440000,   0.13200,
,,,0.000182480000,   0.14000,
,,,0.000182520000,   0.14000,
,,,0.000182560000,   0.14000,
,,,0.000182600000,   0.14400,
,,,0.000182640000,   0.14800,
,,,0.000182680000,   0.15200,
,,,0.000182720000,   0.15200,
,,,0.000182760000,   0.15600,
,,,0.000182800000,   0.15600,
,,,0.000182840000,   0.16400,
,,,0.000182880000,   0.16800,
,,,0.000182920000,   0.16800,
,,,0.000182960000,   0.17200,
,,,0.000183000000,   0.17200,
,,,0.000183040000,   0.17200,
,,,0.000183080000,   0.17600,
,,,0.000183120000,   0.18000,
,,,0.000183160000,   0.18400,
,,,0.000183200000,   0.18400,
,,,0.000183240000,   0.18800,
,,,0.000183280000,   0.18800,
,,,0.000183320000,   0.19200,
,,,0.000183360000,   0.19200,
,,,0.000183400000,   0.19600,
,,,0.000183440000,   0.20000,
,,,0.000183480000,   0.20000,
,,,0.000183520000,   0.20000,
,,,0.000183560000,   0.20400,
,,,0.000183600000,   0.20400,
,,,0.000183640000,   0.21200,
,,,0.000183680000,   0.21200,
,,,0.000183720000,   0.21200,
,,,0.000183760000,   0.21600,
,,,0.000183800000,   0.21600,
,,,0.000183840000,   0.21600,
,,,0.000183880000,   0.22000,
,,,0.000183920000,   0.22400,
,,,0.000183960000,   0.22400,
,,,0.000184000000,   0.22400,
,,,0.000184040000,   0.22400,
,,,0.000184080000,   0.22800,
,,,0.000184120000,   0.22800,
,,,0.000184160000,   0.23200,
,,,0.000184200000,   0.23600,
,,,0.000184240000,   0.23200,
,,,0.000184280000,   0.23200,
,,,0.000184320000,   0.23600,
,,,0.000184360000,   0.23600,
,,,0.000184400000,   0.23600,
,,,0.000184440000,   0.24000,
,,,0.000184480000,   0.24400,
,,,0.000184520000,   0.24400,
,,,0.000184560000,   0.24000,
,,,0.000184600000,   0.24000,
,,,0.000184640000,   0.24400,
,,,0.000184680000,   0.24800,
,,,0.000184720000,   0.24800,
,,,0.000184760000,   0.24800,
,,,0.000184800000,   0.24400,
,,,0.000184840000,   0.24400,
,,,0.000184880000,   0.24800,
,,,0.000184920000,   0.24800,
,,,0.000184960000,   0.24800,
,,,0.000185000000,   0.25200,
,,,0.000185040000,   0.25200,
,,,0.000185080000,   0.25200,
,,,0.000185120000,   0.25200,
,,,0.000185160000,   0.25200,
,,,0.000185200000,   0.25200,
,,,0.000185240000,   0.25200,
,,,0.000185280000,   0.25600,
,,,0.000185320000,   0.25200,
,,,0.000185360000,   0.25200,
,,,0.000185400000,   0.25600,
,,,0.000185440000,   0.24800,
,,,0.000185480000,   0.25200,
,,,0.000185520000,   0.25200,
,,,0.000185560000,   0.25200,
,,,0.000185600000,   0.25200,
,,,0.000185640000,   0.25200,
,,,0.000185680000,   0.24800,
,,,0.000185720000,   0.24800,
,,,0.000185760000,   0.25200,
,,,0.000185800000,   0.24800,
,,,0.000185840000,   0.24800,
,,,0.000185880000,   0.24800,
,,,0.000185920000,   0.24400,
,,,0.000185960000,   0.24800,
,,,0.000186000000,   0.24800,
,,,0.000186040000,   0.24800,
,,,0.000186080000,   0.24400,
,,,0.000186120000,   0.24400,
,,,0.000186160000,   0.24000,
,,,0.000186200000,   0.24000,
,,,0.000186240000,   0.24000,
,,,0.000186280000,   0.24000,
,,,0.000186320000,   0.24000,
,,,0.000186360000,   0.23600,
,,,0.000186400000,   0.23600,
,,,0.000186440000,   0.23600,
,,,0.000186480000,   0.23600,
,,,0.000186520000,   0.23200,
,,,0.000186560000,   0.23200,
,,,0.000186600000,   0.23200,
,,,0.000186640000,   0.22800,
,,,0.000186680000,   0.22400,
,,,0.000186720000,   0.22400,
,,,0.000186760000,   0.22000,
,,,0.000186800000,   0.22400,
,,,0.000186840000,   0.22000,
,,,0.000186880000,   0.22000,
,,,0.000186920000,   0.21600,
,,,0.000186960000,   0.21200,
,,,0.000187000000,   0.21200,
,,,0.000187040000,   0.21200,
,,,0.000187080000,   0.20800,
,,,0.000187120000,   0.20800,
,,,0.000187160000,   0.20800,
,,,0.000187200000,   0.20400,
,,,0.000187240000,   0.20000,
,,,0.000187280000,   0.20000,
,,,0.000187320000,   0.19600,
,,,0.000187360000,   0.19600,
,,,0.000187400000,   0.19200,
,,,0.000187440000,   0.18800,
,,,0.000187480000,   0.18800,
,,,0.000187520000,   0.18400,
,,,0.000187560000,   0.18400,
,,,0.000187600000,   0.18000,
,,,0.000187640000,   0.18000,
,,,0.000187680000,   0.17600,
,,,0.000187720000,   0.17200,
,,,0.000187760000,   0.17200,
,,,0.000187800000,   0.16800,
,,,0.000187840000,   0.16400,
,,,0.000187880000,   0.16400,
,,,0.000187920000,   0.16000,
,,,0.000187960000,   0.15600,
,,,0.000188000000,   0.15200,
,,,0.000188040000,   0.15200,
,,,0.000188080000,   0.14800,
,,,0.000188120000,   0.14800,
,,,0.000188160000,   0.14400,
,,,0.000188200000,   0.14000,
,,,0.000188240000,   0.13600,
,,,0.000188280000,   0.13200,
,,,0.000188320000,   0.13200,
,,,0.000188360000,   0.12800,
,,,0.000188400000,   0.12800,
,,,0.000188440000,   0.12000,
,,,0.000188480000,   0.11600,
,,,0.000188520000,   0.11600,
,,,0.000188560000,   0.10800,
,,,0.000188600000,   0.11200,
,,,0.000188640000,   0.10400,
,,,0.000188680000,   0.10400,
,,,0.000188720000,   0.10000,
,,,0.000188760000,   0.09600,
,,,0.000188800000,   0.09200,
,,,0.000188840000,   0.09200,
,,,0.000188880000,   0.08800,
,,,0.000188920000,   0.08400,
,,,0.000188960000,   0.08000,
,,,0.000189000000,   0.07600,
,,,0.000189040000,   0.07200,
,,,0.000189080000,   0.06800,
,,,0.000189120000,   0.06800,
,,,0.000189160000,   0.06000,
,,,0.000189200000,   0.06000,
,,,0.000189240000,   0.05600,
,,,0.000189280000,   0.05200,
,,,0.000189320000,   0.04800,
,,,0.000189360000,   0.04400,
,,,0.000189400000,   0.04000,
,,,0.000189440000,   0.03600,
,,,0.000189480000,   0.03600,
,,,0.000189520000,   0.03200,
,,,0.000189560000,   0.02800,
,,,0.000189600000,   0.02800,
,,,0.000189640000,   0.02400,
,,,0.000189680000,   0.02000,
,,,0.000189720000,   0.01600,
,,,0.000189760000,   0.00800,
,,,0.000189800000,   0.00800,
,,,0.000189840000,   0.00400,
,,,0.000189880000,   0.00000,
,,,0.000189920000,  -0.00400,
,,,0.000189960000,  -0.00800,
,,,0.000190000000,  -0.01200,
,,,0.000190040000,  -0.01200,
,,,0.000190080000,  -0.01600,
,,,0.000190120000,  -0.02000,
,,,0.000190160000,  -0.02400,
,,,0.000190200000,  -0.02800,
,,,0.000190240000,  -0.03200,
,,,0.000190280000,  -0.03600,
,,,0.000190320000,  -0.04000,
,,,0.000190360000,  -0.04000,
,,,0.000190400000,  -0.04400,
,,,0.000190440000,  -0.04800,
,,,0.000190480000,  -0.04800,
,,,0.000190520000,  -0.05600,
,,,0.000190560000,  -0.06000,
,,,0.000190600000,  -0.06000,
,,,0.000190640000,  -0.06400,
,,,0.000190680000,  -0.06800,
,,,0.000190720000,  -0.07200,
,,,0.000190760000,  -0.07600,
,,,0.000190800000,  -0.08000,
,,,0.000190840000,  -0.08000,
,,,0.000190880000,  -0.08400,
,,,0.000190920000,  -0.08800,
,,,0.000190960000,  -0.09200,
,,,0.000191000000,  -0.09200,
,,,0.000191040000,  -0.10000,
,,,0.000191080000,  -0.10400,
,,,0.000191120000,  -0.10400,
,,,0.000191160000,  -0.10800,
,,,0.000191200000,  -0.11200,
,,,0.000191240000,  -0.11600,
,,,0.000191280000,  -0.11600,
,,,0.000191320000,  -0.12400,
,,,0.000191360000,  -0.12800,
,,,0.000191400000,  -0.12400,
,,,0.000191440000,  -0.13200,
,,,0.000191480000,  -0.13200,
,,,0.000191520000,  -0.13600,
,,,0.000191560000,  -0.14000,
,,,0.000191600000,  -0.14400,
,,,0.000191640000,  -0.14400,
,,,0.000191680000,  -0.14800,
,,,0.000191720000,  -0.14800,
,,,0.000191760000,  -0.15200,
,,,0.000191800000,  -0.15600,
,,,0.000191840000,  -0.15600,
,,,0.000191880000,  -0.16400,
,,,0.000191920000,  -0.16400,
,,,0.000191960000,  -0.16800,
,,,0.000192000000,  -0.16800,
,,,0.000192040000,  -0.17200,
,,,0.000192080000,  -0.17600,
,,,0.000192120000,  -0.17600,
,,,0.000192160000,  -0.18000,
,,,0.000192200000,  -0.18000,
,,,0.000192240000,  -0.18800,
,,,0.000192280000,  -0.18800,
,,,0.000192320000,  -0.18800,
,,,0.000192360000,  -0.19200,
,,,0.000192400000,  -0.19200,
,,,0.000192440000,  -0.19600,
,,,0.000192480000,  -0.20000,
,,,0.000192520000,  -0.20000,
,,,0.000192560000,  -0.20000,
,,,0.000192600000,  -0.20400,
,,,0.000192640000,  -0.20800,
,,,0.000192680000,  -0.20800,
,,,0.000192720000,  -0.21200,
,,,0.000192760000,  -0.21200,
,,,0.000192800000,  -0.21600,
,,,0.000192840000,  -0.21200,
,,,0.000192880000,  -0.21600,
,,,0.000192920000,  -0.22000,
,,,0.000192960000,  -0.22000,
,,,0.000193000000,  -0.22000,
,,,0.000193040000,  -0.22400,
,,,0.000193080000,  -0.22400,
,,,0.000193120000,  -0.22800,
,,,0.000193160000,  -0.22800,
,,,0.000193200000,  -0.22800,
,,,0.000193240000,  -0.23200,
,,,0.000193280000,  -0.23200,
,,,0.000193320000,  -0.23600,
,,,0.000193360000,  -0.23600,
,,,0.000193400000,  -0.23600,
,,,0.000193440000,  -0.23600,
,,,0.000193480000,  -0.24000,
,,,0.000193520000,  -0.24000,
,,,0.000193560000,  -0.24000,
,,,0.000193600000,  -0.24000,
,,,0.000193640000,  -0.24000,
,,,0.000193680000,  -0.24400,
,,,0.000193720000,  -0.24400,
,,,0.000193760000,  -0.24800,
,,,0.000193800000,  -0.24400,
,,,0.000193840000,  -0.24800,
,,,0.000193880000,  -0.24800,
,,,0.000193920000,  -0.24800,
,,,0.000193960000,  -0.25200,
,,,0.000194000000,  -0.24800,
,,,0.000194040000,  -0.25200,
,,,0.000194080000,  -0.25200,
,,,0.000194120000,  -0.25200,
,,,0.000194160000,  -0.25200,
,,,0.000194200000,  -0.25200,
,,,0.000194240000,  -0.25200,
,,,0.000194280000,  -0.25200,
,,,0.000194320000,  -0.25200,
,,,0.000194360000,  -0.25200,
,,,0.000194400000,  -0.25200,
,,,0.000194440000,  -0.25200,
,,,0.000194480000,  -0.24800,
,,,0.000194520000,  -0.25200,
,,,0.000194560000,  -0.25200,
,,,0.000194600000,  -0.25200,
,,,0.000194640000,  -0.25200,
,,,0.000194680000,  -0.25200,
,,,0.000194720000,  -0.24800,
,,,0.000194760000,  -0.25200,
,,,0.000194800000,  -0.24800,
,,,0.000194840000,  -0.24800,
,,,0.000194880000,  -0.24800,
,,,0.000194920000,  -0.24800,
,,,0.000194960000,  -0.24800,
,,,0.000195000000,  -0.24800,
,,,0.000195040000,  -0.24400,
,,,0.000195080000,  -0.24400,
,,,0.000195120000,  -0.24400,
,,,0.000195160000,  -0.24000,
,,,0.000195200000,  -0.24000,
,,,0.000195240000,  -0.24000,
,,,0.000195280000,  -0.24000,
,,,0.000195320000,  -0.23600,
,,,0.000195360000,  -0.23600,
,,,0.000195400000,  -0.23600,
,,,0.000195440000,  -0.23600,
,,,0.000195480000,  -0.23200,
,,,0.000195520000,  -0.23200,
,,,0.000195560000,  -0.23200,
,,,0.000195600000,  -0.23200,
,,,0.000195640000,  -0.22800,
,,,0.000195680000,  -0.22800,
,,,0.000195720000,  -0.22400,
,,,0.000195760000,  -0.22400,
,,,0.000195800000,  -0.22400,
,,,0.000195840000,  -0.22000,
,,,0.000195880000,  -0.22000,
,,,0.000195920000,  -0.21600,
,,,0.000195960000,  -0.21600,
,,,0.000196000000,  -0.21200,
,,,0.000196040000,  -0.21200,
,,,0.000196080000,  -0.20800,
,,,0.000196120000,  -0.20800,
,,,0.000196160000,  -0.20800,
,,,0.000196200000,  -0.20400,
,,,0.000196240000,  -0.20400,
,,,0.000196280000,  -0.20000,
,,,0.000196320000,  -0.19600,
,,,0.000196360000,  -0.19600,
,,,0.000196400000,  -0.19200,
,,,0.000196440000,  -0.19200,
,,,0.000196480000,  -0.18800,
,,,0.000196520000,  -0.18400,
,,,0.000196560000,  -0.18400,
,,,0.000196600000,  -0.18000,
,,,0.000196640000,  -0.18000,
,,,0.000196680000,  -0.17600,
,,,0.000196720000,  -0.17200,
,,,0.000196760000,  -0.17200,
,,,0.000196800000,  -0.16800,
,,,0.000196840000,  -0.16800,
,,,0.000196880000,  -0.16400,
,,,0.000196920000,  -0.16000,
,,,0.000196960000,  -0.15600,
,,,0.000197000000,  -0.15600,
,,,0.000197040000,  -0.15200,
,,,0.000197080000,  -0.15200,
,,,0.000197120000,  -0.14800,
,,,0.000197160000,  -0.14400,
,,,0.000197200000,  -0.14400,
,,,0.000197240000,  -0.14000,
,,,0.000197280000,  -0.13600,
,,,0.000197320000,  -0.13200,
,,,0.000197360000,  -0.12800,
,,,0.000197400000,  -0.12800,
,,,0.000197440000,  -0.12400,
,,,0.000197480000,  -0.12000,
,,,0.000197520000,  -0.12000,
,,,0.000197560000,  -0.11600,
,,,0.000197600000,  -0.11200,
,,,0.000197640000,  -0.10800,
,,,0.000197680000,  -0.10400,
,,,0.000197720000,  -0.10400,
,,,0.000197760000,  -0.09600,
,,,0.000197800000,  -0.09600,
,,,0.000197840000,  -0.09200,
,,,0.000197880000,  -0.08800,
,,,0.000197920000,  -0.08800,
,,,0.000197960000,  -0.08400,
,,,0.000198000000,  -0.08000,
,,,0.000198040000,  -0.07600,
,,,0.000198080000,  -0.07200,
,,,0.000198120000,  -0.06800,
,,,0.000198160000,  -0.06400,
,,,0.000198200000,  -0.06400,
,,,0.000198240000,  -0.06000,
,,,0.000198280000,  -0.05600,
,,,0.000198320000,  -0.05200,
,,,0.000198360000,  -0.05200,
,,,0.000198400000,  -0.04400,
,,,0.000198440000,  -0.04000,
,,,0.000198480000,  -0.04000,
,,,0.000198520000,  -0.03600,
,,,0.000198560000,  -0.02800,
,,,0.000198600000,  -0.02800,
,,,0.000198640000,  -0.02400,
,,,0.000198680000,  -0.01600,
,,,0.000198720000,  -0.01600,
,,,0.000198760000,  -0.01200,
,,,0.000198800000,  -0.00800,
,,,0.000198840000,  -0.00400,
,,,0.000198880000,  -0.00400,
,,,0.000198920000,   0.00000,
,,,0.000198960000,   0.00400,
,,,0.000199000000,   0.00800,
,,,0.000199040000,   0.01200,
,,,0.000199080000,   0.01600,
,,,0.000199120000,   0.01600,
,,,0.000199160000,   0.02400,
,,,0.000199200000,   0.02800,
,,,0.000199240000,   0.02800,
,,,0.000199280000,   0.03200,
,,,0.000199320000,   0.03600,
,,,0.000199360000,   0.04000,
,,,0.000199400000,   0.04400,
,,,0.000199440000,   0.04800,
,,,0.000199480000,   0.05200,
,,,0.000199520000,   0.05600,
,,,0.000199560000,   0.05600,
,,,0.000199600000,   0.06000,
,,,0.000199640000,   0.06400,
,,,0.000199680000,   0.06800,
,,,0.000199720000,   0.07200,
,,,0.000199760000,   0.07600,
,,,0.000199800000,   0.07600,
,,,0.000199840000,   0.08000,
,,,0.000199880000,   0.08400,
,,,0.000199920000,   0.08800,
,,,0.000199960000,   0.09200,
,,,0.000200000000,   0.09600,
,,,0.000200040000,   0.09600,
,,,0.000200080000,   0.10000,
,,,0.000200120000,   0.10400,
,,,0.000200160000,   0.10400,
,,,0.000200200000,   0.10800,
,,,0.000200240000,   0.11200,
,,,0.000200280000,   0.11600,
,,,0.000200320000,   0.12000,
,,,0.000200360000,   0.12000,
,,,0.000200400000,   0.12400,
,,,0.000200440000,   0.12800,
,,,0.000200480000,   0.12800,
,,,0.000200520000,   0.13600,
,,,0.000200560000,   0.14000,
,,,0.000200600000,   0.14000,
,,,0.000200640000,   0.14400,
,,,0.000200680000,   0.14400,
,,,0.000200720000,   0.14800,
,,,0.000200760000,   0.15200,
,,,0.000200800000,   0.15600,
,,,0.000200840000,   0.16000,
,,,0.000200880000,   0.16000,
,,,0.000200920000,   0.16000,
,,,0.000200960000,   0.16400,
,,,0.000201000000,   0.16400,
,,,0.000201040000,   0.17200,
,,,0.000201080000,   0.17200,
,,,0.000201120000,   0.17600,
,,,0.000201160000,   0.18000,
,,,0.000201200000,   0.18000,
,,,0.000201240000,   0.18400,
,,,0.000201280000,   0.18000,
,,,0.000201320000,   0.18800,
,,,0.000201360000,   0.19600,
,,,0.000201400000,   0.19200,
,,,0.000201440000,   0.19600,
,,,0.000201480000,   0.19600,
,,,0.000201520000,   0.19600,
,,,0.000201560000,   0.20000,
,,,0.000201600000,   0.20400,
,,,0.000201640000,   0.20400,
,,,0.000201680000,   0.20800,
,,,0.000201720000,   0.20800,
,,,0.000201760000,   0.20800,
,,,0.000201800000,   0.21200,
,,,0.000201840000,   0.21600,
,,,0.000201880000,   0.21600,
,,,0.000201920000,   0.22000,
,,,0.000201960000,   0.22000,
,,,0.000202000000,   0.22000,
,,,0.000202040000,   0.22400,
,,,0.000202080000,   0.22400,
,,,0.000202120000,   0.22800,
,,,0.000202160000,   0.23200,
,,,0.000202200000,   0.22800,
,,,0.000202240000,   0.23200,
,,,0.000202280000,   0.23200,
,,,0.000202320000,   0.23200,
,,,0.000202360000,   0.23600,
,,,0.000202400000,   0.23600,
,,,0.000202440000,   0.24000,
,,,0.000202480000,   0.24000,
,,,0.000202520000,   0.24000,
,,,0.000202560000,   0.24000,
,,,0.000202600000,   0.24000,
,,,0.000202640000,   0.24400,
,,,0.000202680000,   0.24400,
,,,0.000202720000,   0.24400,
,,,0.000202760000,   0.24800,
,,,0.000202800000,   0.24400,
,,,0.000202840000,   0.24800,
,,,0.000202880000,   0.24800,
,,,0.000202920000,   0.24800,
,,,0.000202960000,   0.24800,
,,,0.000203000000,   0.25200,
,,,0.000203040000,   0.24800,
,,,0.000203080000,   0.24800,
,,,0.000203120000,   0.25200,
,,,0.000203160000,   0.25200,
,,,0.000203200000,   0.25200,
,,,0.000203240000,   0.25200,
,,,0.000203280000,   0.25200,
,,,0.000203320000,   0.25200,
,,,0.000203360000,   0.25200,
,,,0.000203400000,   0.25200,
,,,0.000203440000,   0.25600,
,,,0.000203480000,   0.25600,
,,,0.000203520000,   0.25200,
,,,0.000203560000,   0.25200,
,,,0.000203600000,   0.25200,
,,,0.000203640000,   0.25200,
,,,0.000203680000,   0.25200,
,,,0.000203720000,   0.25200,
,,,0.000203760000,   0.25200,
,,,0.000203800000,   0.24800,
,,,0.000203840000,   0.25200,
,,,0.000203880000,   0.24800,
,,,0.000203920000,   0.24800,
,,,0.000203960000,   0.24800,
,,,0.000204000000,   0.24800,
,,,0.000204040000,   0.24800,
,,,0.000204080000,   0.24400,
,,,0.000204120000,   0.24400,
,,,0.000204160000,   0.24400,
,,,0.000204200000,   0.24400,
,,,0.000204240000,   0.24400,
,,,0.000204280000,   0.24000,
,,,0.000204320000,   0.24000,
,,,0.000204360000,   0.24000,
,,,0.000204400000,   0.23600,
,,,0.000204440000,   0.23600,
,,,0.000204480000,   0.23600,
,,,0.000204520000,   0.23600,
,,,0.000204560000,   0.23200,
,,,0.000204600000,   0.23200,
,,,0.000204640000,   0.23200,
,,,0.000204680000,   0.22400,
,,,0.000204720000,   0.22800,
,,,0.000204760000,   0.22800,
,,,0.000204800000,   0.22400,
,,,0.000204840000,   0.22000,
,,,0.000204880000,   0.22000,
,,,0.000204920000,   0.22000,
,,,0.000204960000,   0.22000,
,,,0.000205000000,   0.21600,
,,,0.000205040000,   0.21600,
,,,0.000205080000,   0.21200,
,,,0.000205120000,   0.21200,
,,,0.000205160000,   0.21200,
,,,0.000205200000,   0.20400,
,,,0.000205240000,   0.20400,
,,,0.000205280000,   0.20000,
,,,0.000205320000,   0.20000,
,,,0.000205360000,   0.19600,
,,,0.000205400000,   0.19200,
,,,0.000205440000,   0.19200,
,,,0.000205480000,   0.19200,
,,,0.000205520000,   0.18800,
,,,0.000205560000,   0.18800,
,,,0.000205600000,   0.18400,
,,,0.000205640000,   0.18000,
,,,0.000205680000,   0.18000,
,,,0.000205720000,   0.17600,
,,,0.000205760000,   0.17600,
,,,0.000205800000,   0.17200,
,,,0.000205840000,   0.17200,
,,,0.000205880000,   0.16800,
,,,0.000205920000,   0.16400,
,,,0.000205960000,   0.16000,
,,,0.000206000000,   0.15600,
,,,0.000206040000,   0.15600,
,,,0.000206080000,   0.15200,
,,,0.000206120000,   0.15200,
,,,0.000206160000,   0.14800,
,,,0.000206200000,   0.14800,
,,,0.000206240000,   0.14000,
,,,0.000206280000,   0.13600,
,,,0.000206320000,   0.13600,
,,,0.000206360000,   0.13200,
,,,0.000206400000,   0.13200,
,,,0.000206440000,   0.12400,
,,,0.000206480000,   0.12400,
,,,0.000206520000,   0.12000,
,,,0.000206560000,   0.11600,
,,,0.000206600000,   0.11200,
,,,0.000206640000,   0.11200,
,,,0.000206680000,   0.10800,
,,,0.000206720000,   0.10400,
,,,0.000206760000,   0.10000,
,,,0.000206800000,   0.10000,
,,,0.000206840000,   0.09600,
,,,0.000206880000,   0.09200,
,,,0.000206920000,   0.09200,
,,,0.000206960000,   0.08800,
,,,0.000207000000,   0.08400,
,,,0.000207040000,   0.07600,
,,,0.000207080000,   0.07600,
,,,0.000207120000,   0.07200,
,,,0.000207160000,   0.06800,
,,,0.000207200000,   0.06800,
,,,0.000207240000,   0.06000,
,,,0.000207280000,   0.06000,
,,,0.000207320000,   0.05600,
,,,0.000207360000,   0.05200,
,,,0.000207400000,   0.05200,
,,,0.000207440000,   0.04400,
,,,0.000207480000,   0.04000,
,,,0.000207520000,   0.04000,
,,,0.000207560000,   0.03200,
,,,0.000207600000,   0.03200,
,,,0.000207640000,   0.02800,
,,,0.000207680000,   0.02400,
,,,0.000207720000,   0.02000,
,,,0.000207760000,   0.01600,
,,,0.000207800000,   0.01600,
,,,0.000207840000,   0.00800,
,,,0.000207880000,   0.00800,
,,,0.000207920000,   0.00400,
,,,0.000207960000,   0.00000,
,,,0.000208000000,  -0.00400,
,,,0.000208040000,  -0.00400,
,,,0.000208080000,  -0.01200,
,,,0.000208120000,  -0.01600,
,,,0.000208160000,  -0.01600,
,,,0.000208200000,  -0.02000,
,,,0.000208240000,  -0.02400,
,,,0.000208280000,  -0.02800,
,,,0.000208320000,  -0.03200,
,,,0.000208360000,  -0.03600,
,,,0.000208400000,  -0.04000,
,,,0.000208440000,  -0.04000,
,,,0.000208480000,  -0.04800,
,,,0.000208520000,  -0.05200,
,,,0.000208560000,  -0.05200,
,,,0.000208600000,  -0.05600,
,,,0.000208640000,  -0.06000,
,,,0.000208680000,  -0.06400,
,,,0.000208720000,  -0.06800,
,,,0.000208760000,  -0.06800,
,,,0.000208800000,  -0.07600,
,,,0.000208840000,  -0.07600,
,,,0.000208880000,  -0.08000,
,,,0.000208920000,  -0.08800,
,,,0.000208960000,  -0.08800,
,,,0.000209000000,  -0.08800,
,,,0.000209040000,  -0.09200,
,,,0.000209080000,  -0.09600,
,,,0.000209120000,  -0.10000,
,,,0.000209160000,  -0.10400,
,,,0.000209200000,  -0.10800,
,,,0.000209240000,  -0.10800,
,,,0.000209280000,  -0.11200,
,,,0.000209320000,  -0.11600,
,,,0.000209360000,  -0.12000,
,,,0.000209400000,  -0.12000,
,,,0.000209440000,  -0.12400,
,,,0.000209480000,  -0.12800,
,,,0.000209520000,  -0.13200,
,,,0.000209560000,  -0.13600,
,,,0.000209600000,  -0.14000,
,,,0.000209640000,  -0.14000,
,,,0.000209680000,  -0.14400,
,,,0.000209720000,  -0.14800,
,,,0.000209760000,  -0.14800,
,,,0.000209800000,  -0.14800,
,,,0.000209840000,  -0.15600,
,,,0.000209880000,  -0.15600,
,,,0.000209920000,  -0.16000,
,,,0.000209960000,  -0.16400,
,,,0.000210000000,  -0.16400,
,,,0.000210040000,  -0.16800,
,,,0.000210080000,  -0.17200,
,,,0.000210120000,  -0.17200,
,,,0.000210160000,  -0.17600,
,,,0.000210200000,  -0.17600,
,,,0.000210240000,  -0.18000,
,,,0.000210280000,  -0.18400,
,,,0.000210320000,  -0.18800,
,,,0.000210360000,  -0.18800,
,,,0.000210400000,  -0.18800,
,,,0.000210440000,  -0.19200,
,,,0.000210480000,  -0.19600,
,,,0.000210520000,  -0.19600,
,,,0.000210560000,  -0.20000,
,,,0.000210600000,  -0.20000,
,,,0.000210640000,  -0.20400,
,,,0.000210680000,  -0.20400,
,,,0.000210720000,  -0.20400,
,,,0.000210760000,  -0.20800,
,,,0.000210800000,  -0.21200,
,,,0.000210840000,  -0.21200,
,,,0.000210880000,  -0.21600,
,,,0.000210920000,  -0.21600,
,,,0.000210960000,  -0.21600,
,,,0.000211000000,  -0.22000,
,,,0.000211040000,  -0.22000,
,,,0.000211080000,  -0.22400,
,,,0.000211120000,  -0.22400,
,,,0.000211160000,  -0.22800,
,,,0.000211200000,  -0.22800,
,,,0.000211240000,  -0.22800,
,,,0.000211280000,  -0.23200,
,,,0.000211320000,  -0.23200,
,,,0.000211360000,  -0.23200,
,,,0.000211400000,  -0.23600,
,,,0.000211440000,  -0.23600,
,,,0.000211480000,  -0.23600,
,,,0.000211520000,  -0.24000,
,,,0.000211560000,  -0.24000,
,,,0.000211600000,  -0.24000,
,,,0.000211640000,  -0.24000,
,,,0.000211680000,  -0.24000,
,,,0.000211720000,  -0.24400,
,,,0.000211760000,  -0.24400,
,,,0.000211800000,  -0.24800,
,,,0.000211840000,  -0.24400,
,,,0.000211880000,  -0.24800,
,,,0.000211920000,  -0.24800,
,,,0.000211960000,  -0.24800,
,,,0.000212000000,  -0.24800,
,,,0.000212040000,  -0.25200,
,,,0.000212080000,  -0.24800,
,,,0.000212120000,  -0.24800,
,,,0.000212160000,  -0.24800,
,,,0.000212200000,  -0.25200,
,,,0.000212240000,  -0.25200,
,,,0.000212280000,  -0.25200,
,,,0.000212320000,  -0.25200,
,,,0.000212360000,  -0.25200,
,,,0.000212400000,  -0.25200,
,,,0.000212440000,  -0.25200,
,,,0.000212480000,  -0.25200,
,,,0.000212520000,  -0.25200,
,,,0.000212560000,  -0.25200,
,,,0.000212600000,  -0.25200,
,,,0.000212640000,  -0.25200,
,,,0.000212680000,  -0.24800,
,,,0.000212720000,  -0.25200,
,,,0.000212760000,  -0.25200,
,,,0.000212800000,  -0.24800,
,,,0.000212840000,  -0.24800,
,,,0.000212880000,  -0.24800,
,,,0.000212920000,  -0.24800,
,,,0.000212960000,  -0.24800,
,,,0.000213000000,  -0.24800,
,,,0.000213040000,  -0.24400,
,,,0.000213080000,  -0.24800,
,,,0.000213120000,  -0.24400,
,,,0.000213160000,  -0.24800,
,,,0.000213200000,  -0.24400,
,,,0.000213240000,  -0.24400,
,,,0.000213280000,  -0.24000,
,,,0.000213320000,  -0.24000,
,,,0.000213360000,  -0.24000,
,,,0.000213400000,  -0.24000,
,,,0.000213440000,  -0.23600,
,,,0.000213480000,  -0.23600,
,,,0.000213520000,  -0.23600,
,,,0.000213560000,  -0.23200,
,,,0.000213600000,  -0.23200,
,,,0.000213640000,  -0.22800,
,,,0.000213680000,  -0.22800,
,,,0.000213720000,  -0.22800,
,,,0.000213760000,  -0.22800,
,,,0.000213800000,  -0.22400,
,,,0.000213840000,  -0.22400,
,,,0.000213880000,  -0.22000,
,,,0.000213920000,  -0.22000,
,,,0.000213960000,  -0.22000,
,,,0.000214000000,  -0.21600,
,,,0.000214040000,  -0.22000,
,,,0.000214080000,  -0.21200,
,,,0.000214120000,  -0.21200,
,,,0.000214160000,  -0.21200,
,,,0.000214200000,  -0.20800,
,,,0.000214240000,  -0.20400,
,,,0.000214280000,  -0.20400,
,,,0.000214320000,  -0.20000,
,,,0.000214360000,  -0.20000,
,,,0.000214400000,  -0.20000,
,,,0.000214440000,  -0.19200,
,,,0.000214480000,  -0.19200,
,,,0.000214520000,  -0.18800,
,,,0.000214560000,  -0.18800,
,,,0.000214600000,  -0.18800,
,,,0.000214640000,  -0.18400,
,,,0.000214680000,  -0.18000,
,,,0.000214720000,  -0.17600,
,,,0.000214760000,  -0.17600,
,,,0.000214800000,  -0.17200,
,,,0.000214840000,  -0.17200,
,,,0.000214880000,  -0.16800,
,,,0.000214920000,  -0.16400,
,,,0.000214960000,  -0.16400,
,,,0.000215000000,  -0.15600,
,,,0.000215040000,  -0.15600,
,,,0.000215080000,  -0.15600,
,,,0.000215120000,  -0.15200,
,,,0.000215160000,  -0.14800,
,,,0.000215200000,  -0.14800,
,,,0.000215240000,  -0.14400,
,,,0.000215280000,  -0.14000,
,,,0.000215320000,  -0.13600,
,,,0.000215360000,  -0.13600,
,,,0.000215400000,  -0.13200,
,,,0.000215440000,  -0.12800,
,,,0.000215480000,  -0.12800,
,,,0.000215520000,  -0.12000,
,,,0.000215560000,  -0.12000,
,,,0.000215600000,  -0.12000,
,,,0.000215640000,  -0.11200,
,,,0.000215680000,  -0.11200,
,,,0.000215720000,  -0.10800,
,,,0.000215760000,  -0.10400,
,,,0.000215800000,  -0.10000,
,,,0.000215840000,  -0.09600,
,,,0.000215880000,  -0.09200,
,,,0.000215920000,  -0.09200,
,,,0.000215960000,  -0.08800,
,,,0.000216000000,  -0.08400,
,,,0.000216040000,  -0.08400,
,,,0.000216080000,  -0.07600,
,,,0.000216120000,  -0.07600,
,,,0.000216160000,  -0.07200,
,,,0.000216200000,  -0.06800,
,,,0.000216240000,  -0.06400,
,,,0.000216280000,  -0.06400,
,,,0.000216320000,  -0.05600,
,,,0.000216360000,  -0.05600,
,,,0.000216400000,  -0.04800,
,,,0.000216440000,  -0.04400,
,,,0.000216480000,  -0.04000,
,,,0.000216520000,  -0.04000,
,,,0.000216560000,  -0.03600,
,,,0.000216600000,  -0.03200,
,,,0.000216640000,  -0.02800,
,,,0.000216680000,  -0.02400,
,,,0.000216720000,  -0.02400,
,,,0.000216760000,  -0.02000,
,,,0.000216800000,  -0.01600,
,,,0.000216840000,  -0.01200,
,,,0.000216880000,  -0.00800,
,,,0.000216920000,  -0.00800,
,,,0.000216960000,   0.00000,
,,,0.000217000000,   0.00400,
,,,0.000217040000,   0.00400,
,,,0.000217080000,   0.00800,
,,,0.000217120000,   0.01200,
,,,0.000217160000,   0.01600,
,,,0.000217200000,   0.02000,
,,,0.000217240000,   0.02400,
,,,0.000217280000,   0.02800,
,,,0.000217320000,   0.03200,
,,,0.000217360000,   0.03600,
,,,0.000217400000,   0.03600,
,,,0.000217440000,   0.04000,
,,,0.000217480000,   0.04400,
,,,0.000217520000,   0.04800,
,,,0.000217560000,   0.04800,
,,,0.000217600000,   0.05600,
,,,0.000217640000,   0.05600,
,,,0.000217680000,   0.06400,
,,,0.000217720000,   0.06400,
,,,0.000217760000,   0.06800,
,,,0.000217800000,   0.07200,
,,,0.000217840000,   0.07600,
,,,0.000217880000,   0.07600,
,,,0.000217920000,   0.08000,
,,,0.000217960000,   0.08400,
,,,0.000218000000,   0.08800,
,,,0.000218040000,   0.09200,
,,,0.000218080000,   0.09200,
,,,0.000218120000,   0.10000,
,,,0.000218160000,   0.10000,
,,,0.000218200000,   0.10400,
,,,0.000218240000,   0.10800,
,,,0.000218280000,   0.11200,
,,,0.000218320000,   0.11200,
,,,0.000218360000,   0.11600,
,,,0.000218400000,   0.12000,
,,,0.000218440000,   0.12400,
,,,0.000218480000,   0.12800,
,,,0.000218520000,   0.12800,
,,,0.000218560000,   0.13200,
,,,0.000218600000,   0.13200,
,,,0.000218640000,   0.13600,
,,,0.000218680000,   0.14000,
,,,0.000218720000,   0.14400,
,,,0.000218760000,   0.14800,
,,,0.000218800000,   0.14800,
,,,0.000218840000,   0.15200,
,,,0.000218880000,   0.15200,
,,,0.000218920000,   0.15600,
,,,0.000218960000,   0.16000,
,,,0.000219000000,   0.16400,
,,,0.000219040000,   0.16800,
,,,0.000219080000,   0.16800,
,,,0.000219120000,   0.17200,
,,,0.000219160000,   0.17600,
,,,0.000219200000,   0.17600,
,,,0.000219240000,   0.18000,
,,,0.000219280000,   0.18000,
,,,0.000219320000,   0.18400,
,,,0.000219360000,   0.18400,
,,,0.000219400000,   0.18800,
,,,0.000219440000,   0.18800,
,,,0.000219480000,   0.19200,
,,,0.000219520000,   0.19600,
,,,0.000219560000,   0.19600,
,,,0.000219600000,   0.20000,
,,,0.000219640000,   0.20000,
,,,0.000219680000,   0.20400,
,,,0.000219720000,   0.20400,
,,,0.000219760000,   0.20800,
,,,0.000219800000,   0.21200,
,,,0.000219840000,   0.21600,
,,,0.000219880000,   0.21600,
,,,0.000219920000,   0.21600,
,,,0.000219960000,   0.21600,
,,,0.000220000000,   0.22000,
,,,0.000220040000,   0.22000,
,,,0.000220080000,   0.22400,
,,,0.000220120000,   0.22400,
,,,0.000220160000,   0.22400,
,,,0.000220200000,   0.22400,
,,,0.000220240000,   0.22800,
,,,0.000220280000,   0.23200,
,,,0.000220320000,   0.23200,
,,,0.000220360000,   0.23200,
,,,0.000220400000,   0.23200,
,,,0.000220440000,   0.23600,
,,,0.000220480000,   0.23600,
,,,0.000220520000,   0.23600,
,,,0.000220560000,   0.23600,
,,,0.000220600000,   0.24000,
,,,0.000220640000,   0.24400,
,,,0.000220680000,   0.24000,
,,,0.000220720000,   0.24000,
,,,0.000220760000,   0.24400,
,,,0.000220800000,   0.24400,
,,,0.000220840000,   0.24400,
,,,0.000220880000,   0.24800,
,,,0.000220920000,   0.24800,
,,,0.000220960000,   0.24800,
,,,0.000221000000,   0.24800,
,,,0.000221040000,   0.24800,
,,,0.000221080000,   0.24800,
,,,0.000221120000,   0.25200,
,,,0.000221160000,   0.25200,
,,,0.000221200000,   0.25200,
,,,0.000221240000,   0.25200,
,,,0.000221280000,   0.25200,
,,,0.000221320000,   0.24800,
,,,0.000221360000,   0.25200,
,,,0.000221400000,   0.25200,
,,,0.000221440000,   0.25200,
,,,0.000221480000,   0.25600,
,,,0.000221520000,   0.25200,
,,,0.000221560000,   0.25200,
,,,0.000221600000,   0.25200,
,,,0.000221640000,   0.25200,
,,,0.000221680000,   0.25200,
,,,0.000221720000,   0.25200,
,,,0.000221760000,   0.25200,
,,,0.000221800000,   0.25200,
,,,0.000221840000,   0.25200,
,,,0.000221880000,   0.25200,
,,,0.000221920000,   0.25200,
,,,0.000221960000,   0.25200,
,,,0.000222000000,   0.24800,
,,,0.000222040000,   0.24800,
,,,0.000222080000,   0.24800,
,,,0.000222120000,   0.24800,
,,,0.000222160000,   0.24400,
,,,0.000222200000,   0.24400,
,,,0.000222240000,   0.24800,
,,,0.000222280000,   0.24400,
,,,0.000222320000,   0.24000,
,,,0.000222360000,   0.24000,
,,,0.000222400000,   0.23600,
,,,0.000222440000,   0.24000,
,,,0.000222480000,   0.24000,
,,,0.000222520000,   0.23600,
,,,0.000222560000,   0.23600,
,,,0.000222600000,   0.23200,
,,,0.000222640000,   0.23200,
,,,0.000222680000,   0.22800,
,,,0.000222720000,   0.23200,
,,,0.000222760000,   0.22800,
,,,0.000222800000,   0.22800,
,,,0.000222840000,   0.22400,
,,,0.000222880000,   0.22000,
,,,0.000222920000,   0.22400,
,,,0.000222960000,   0.22000,
,,,0.000223000000,   0.22000,
,,,0.000223040000,   0.22000,
,,,0.000223080000,   0.21600,
,,,0.000223120000,   0.21200,
,,,0.000223160000,   0.20800,
,,,0.000223200000,   0.20800,
,,,0.000223240000,   0.20800,
,,,0.000223280000,   0.20800,
,,,0.000223320000,   0.20400,
,,,0.000223360000,   0.20000,
,,,0.000223400000,   0.19600,
,,,0.000223440000,   0.19600,
,,,0.000223480000,   0.19600,
,,,0.000223520000,   0.19600,
,,,0.000223560000,   0.19200,
,,,0.000223600000,   0.18800,
,,,0.000223640000,   0.18800,
,,,0.000223680000,   0.18400,
,,,0.000223720000,   0.18000,
,,,0.000223760000,   0.18000,
,,,0.000223800000,   0.18000,
,,,0.000223840000,   0.17200,
,,,0.000223880000,   0.16800,
,,,0.000223920000,   0.16800,
,,,0.000223960000,   0.16400,
,,,0.000224000000,   0.16400,
,,,0.000224040000,   0.16000,
,,,0.000224080000,   0.16000,
,,,0.000224120000,   0.15600,
,,,0.000224160000,   0.14800,
,,,0.000224200000,   0.14800,
,,,0.000224240000,   0.14400,
,,,0.000224280000,   0.14400,
,,,0.000224320000,   0.14400,
,,,0.000224360000,   0.13600,
,,,0.000224400000,   0.13600,
,,,0.000224440000,   0.12800,
,,,0.000224480000,   0.12800,
,,,0.000224520000,   0.12400,
,,,0.000224560000,   0.12400,
,,,0.000224600000,   0.12000,
,,,0.000224640000,   0.11600,
,,,0.000224680000,   0.11200,
,,,0.000224720000,   0.10800,
,,,0.000224760000,   0.10800,
,,,0.000224800000,   0.10400,
,,,0.000224840000,   0.10000,
,,,0.000224880000,   0.10000,
,,,0.000224920000,   0.09600,
,,,0.000224960000,   0.09200,
,,,0.000225000000,   0.08800,
,,,0.000225040000,   0.08400,
,,,0.000225080000,   0.08400,
,,,0.000225120000,   0.08000,
,,,0.000225160000,   0.07200,
,,,0.000225200000,   0.07200,
,,,0.000225240000,   0.06800,
,,,0.000225280000,   0.06400,
,,,0.000225320000,   0.06000,
,,,0.000225360000,   0.06000,
,,,0.000225400000,   0.05200,
,,,0.000225440000,   0.05200,
,,,0.000225480000,   0.04800,
,,,0.000225520000,   0.04400,
,,,0.000225560000,   0.04000,
,,,0.000225600000,   0.03600,
,,,0.000225640000,   0.03200,
,,,0.000225680000,   0.03200,
,,,0.000225720000,   0.02800,
,,,0.000225760000,   0.02400,
,,,0.000225800000,   0.02000,
,,,0.000225840000,   0.01600,
,,,0.000225880000,   0.01200,
,,,0.000225920000,   0.00800,
,,,0.000225960000,   0.00400,
,,,0.000226000000,   0.00000,
,,,0.000226040000,   0.00000,
,,,0.000226080000,  -0.00400,
,,,0.000226120000,  -0.00800,
,,,0.000226160000,  -0.01200,
,,,0.000226200000,  -0.01600,
,,,0.000226240000,  -0.01600,
,,,0.000226280000,  -0.02000,
,,,0.000226320000,  -0.02800,
,,,0.000226360000,  -0.02800,
,,,0.000226400000,  -0.03200,
,,,0.000226440000,  -0.03600,
,,,0.000226480000,  -0.04000,
,,,0.000226520000,  -0.04400,
,,,0.000226560000,  -0.04800,
,,,0.000226600000,  -0.05200,
,,,0.000226640000,  -0.05600,
,,,0.000226680000,  -0.05600,
,,,0.000226720000,  -0.06400,
,,,0.000226760000,  -0.06400,
,,,0.000226800000,  -0.06800,
,,,0.000226840000,  -0.07200,
,,,0.000226880000,  -0.07200,
,,,0.000226920000,  -0.08000,
,,,0.000226960000,  -0.08400,
,,,0.000227000000,  -0.08400,
,,,0.000227040000,  -0.08800,
,,,0.000227080000,  -0.09200,
,,,0.000227120000,  -0.09600,
,,,0.000227160000,  -0.09600,
,,,0.000227200000,  -0.10000,
,,,0.000227240000,  -0.10400,
,,,0.000227280000,  -0.10800,
,,,0.000227320000,  -0.11200,
,,,0.000227360000,  -0.11200,
,,,0.000227400000,  -0.12000,
,,,0.000227440000,  -0.12000,
,,,0.000227480000,  -0.12400,
,,,0.000227520000,  -0.12800,
,,,0.000227560000,  -0.13200,
,,,0.000227600000,  -0.13200,
,,,0.000227640000,  -0.13600,
,,,0.000227680000,  -0.13600,
,,,0.000227720000,  -0.14000,
,,,0.000227760000,  -0.14400,
,,,0.000227800000,  -0.14400,
,,,0.000227840000,  -0.15200,
,,,0.000227880000,  -0.15600,
,,,0.000227920000,  -0.15600,
,,,0.000227960000,  -0.15600,
,,,0.000228000000,  -0.16000,
,,,0.000228040000,  -0.16400,
,,,0.000228080000,  -0.16400,
,,,0.000228120000,  -0.16800,
,,,0.000228160000,  -0.17200,
,,,0.000228200000,  -0.17200,
,,,0.000228240000,  -0.17600,
,,,0.000228280000,  -0.18000,
,,,0.000228320000,  -0.18400,
,,,0.000228360000,  -0.18400,
,,,0.000228400000,  -0.18800,
,,,0.000228440000,  -0.18800,
,,,0.000228480000,  -0.19200,
,,,0.000228520000,  -0.19200,
,,,0.000228560000,  -0.19600,
,,,0.000228600000,  -0.20000,
,,,0.000228640000,  -0.20000,
,,,0.000228680000,  -0.20000,
,,,0.000228720000,  -0.20000,
,,,0.000228760000,  -0.20400,
,,,0.000228800000,  -0.20800,
,,,0.000228840000,  -0.20800,
,,,0.000228880000,  -0.21200,
,,,0.000228920000,  -0.21200,
,,,0.000228960000,  -0.21600,
,,,0.000229000000,  -0.21600,
,,,0.000229040000,  -0.22000,
,,,0.000229080000,  -0.22000,
,,,0.000229120000,  -0.22000,
,,,0.000229160000,  -0.22000,
,,,0.000229200000,  -0.22400,
,,,0.000229240000,  -0.22800,
,,,0.000229280000,  -0.22800,
,,,0.000229320000,  -0.22800,
,,,0.000229360000,  -0.23200,
,,,0.000229400000,  -0.23200,
,,,0.000229440000,  -0.23200,
,,,0.000229480000,  -0.23200,
,,,0.000229520000,  -0.23600,
,,,0.000229560000,  -0.23600,
,,,0.000229600000,  -0.24000,
,,,0.000229640000,  -0.24000,
,,,0.000229680000,  -0.24400,
,,,0.000229720000,  -0.24000,
,,,0.000229760000,  -0.24400,
,,,0.000229800000,  -0.24400,
,,,0.000229840000,  -0.24400,
,,,0.000229880000,  -0.24800,
,,,0.000229920000,  -0.24800,
,,,0.000229960000,  -0.24800,
,,,0.000230000000,  -0.24800,
,,,0.000230040000,  -0.24800,
,,,0.000230080000,  -0.24800,
,,,0.000230120000,  -0.25200,
,,,0.000230160000,  -0.25200,
,,,0.000230200000,  -0.25200,
,,,0.000230240000,  -0.24800,
,,,0.000230280000,  -0.24800,
,,,0.000230320000,  -0.25200,
,,,0.000230360000,  -0.25200,
,,,0.000230400000,  -0.25200,
,,,0.000230440000,  -0.25200,
,,,0.000230480000,  -0.24800,
,,,0.000230520000,  -0.25200,
,,,0.000230560000,  -0.25200,
,,,0.000230600000,  -0.25200,
,,,0.000230640000,  -0.25200,
,,,0.000230680000,  -0.25200,
,,,0.000230720000,  -0.25200,
,,,0.000230760000,  -0.24800,
,,,0.000230800000,  -0.24800,
,,,0.000230840000,  -0.24800,
,,,0.000230880000,  -0.24800,
,,,0.000230920000,  -0.24800,
,,,0.000230960000,  -0.24800,
,,,0.000231000000,  -0.25200,
,,,0.000231040000,  -0.24800,
,,,0.000231080000,  -0.24800,
,,,0.000231120000,  -0.24400,
,,,0.000231160000,  -0.24800,
,,,0.000231200000,  -0.24400,
,,,0.000231240000,  -0.24400,
,,,0.000231280000,  -0.24000,
,,,0.000231320000,  -0.24400,
,,,0.000231360000,  -0.24000,
,,,0.000231400000,  -0.24000,
,,,0.000231440000,  -0.24000,
,,,0.000231480000,  -0.24000,
,,,0.000231520000,  -0.23600,
,,,0.000231560000,  -0.23600,
,,,0.000231600000,  -0.23600,
,,,0.000231640000,  -0.23200,
,,,0.000231680000,  -0.23200,
,,,0.000231720000,  -0.23200,
,,,0.000231760000,  -0.22800,
,,,0.000231800000,  -0.22800,
,,,0.000231840000,  -0.22800,
,,,0.000231880000,  -0.22400,
,,,0.000231920000,  -0.22400,
,,,0.000231960000,  -0.22400,
,,,0.000232000000,  -0.22000,
,,,0.000232040000,  -0.22000,
,,,0.000232080000,  -0.21600,
,,,0.000232120000,  -0.21600,
,,,0.000232160000,  -0.21200,
,,,0.000232200000,  -0.21200,
,,,0.000232240000,  -0.20800,
,,,0.000232280000,  -0.20800,
,,,0.000232320000,  -0.20400,
,,,0.000232360000,  -0.20000,
,,,0.000232400000,  -0.20000,
,,,0.000232440000,  -0.20000,
,,,0.000232480000,  -0.19200,
,,,0.000232520000,  -0.19600,
,,,0.000232560000,  -0.19200,
,,,0.000232600000,  -0.18800,
,,,0.000232640000,  -0.18800,
,,,0.000232680000,  -0.18400,
,,,0.000232720000,  -0.18400,
,,,0.000232760000,  -0.18000,
,,,0.000232800000,  -0.17600,
,,,0.000232840000,  -0.17200,
,,,0.000232880000,  -0.17200,
,,,0.000232920000,  -0.16800,
,,,0.000232960000,  -0.16800,
,,,0.000233000000,  -0.16400,
,,,0.000233040000,  -0.16000,
,,,0.000233080000,  -0.16000,
,,,0.000233120000,  -0.15200,
,,,0.000233160000,  -0.15200,
,,,0.000233200000,  -0.15200,
,,,0.000233240000,  -0.14800,
,,,0.000233280000,  -0.14800,
,,,0.000233320000,  -0.14400,
,,,0.000233360000,  -0.14000,
,,,0.000233400000,  -0.14000,
,,,0.000233440000,  -0.13600,
,,,0.000233480000,  -0.13200,
,,,0.000233520000,  -0.12800,
,,,0.000233560000,  -0.12800,
,,,0.000233600000,  -0.12400,
,,,0.000233640000,  -0.12000,
,,,0.000233680000,  -0.11600,
,,,0.000233720000,  -0.11200,
,,,0.000233760000,  -0.10800,
,,,0.000233800000,  -0.10800,
,,,0.000233840000,  -0.10400,
,,,0.000233880000,  -0.10000,
,,,0.000233920000,  -0.09600,
,,,0.000233960000,  -0.09200,
,,,0.000234000000,  -0.08800,
,,,0.000234040000,  -0.08400,
,,,0.000234080000,  -0.08400,
,,,0.000234120000,  -0.08000,
,,,0.000234160000,  -0.07600,
,,,0.000234200000,  -0.07200,
,,,0.000234240000,  -0.06800,
,,,0.000234280000,  -0.06800,
,,,0.000234320000,  -0.06400,
,,,0.000234360000,  -0.06000,
,,,0.000234400000,  -0.05600,
,,,0.000234440000,  -0.05200,
,,,0.000234480000,  -0.04800,
,,,0.000234520000,  -0.04400,
,,,0.000234560000,  -0.04400,
,,,0.000234600000,  -0.03600,
,,,0.000234640000,  -0.03600,
,,,0.000234680000,  -0.03200,
,,,0.000234720000,  -0.02800,
,,,0.000234760000,  -0.02800,
,,,0.000234800000,  -0.02400,
,,,0.000234840000,  -0.01600,
,,,0.000234880000,  -0.01600,
,,,0.000234920000,  -0.01200,
,,,0.000234960000,  -0.00800,
,,,0.000235000000,  -0.00400,
,,,0.000235040000,   0.00000,
,,,0.000235080000,   0.00400,
,,,0.000235120000,   0.00800,
,,,0.000235160000,   0.00800,
,,,0.000235200000,   0.01600,
,,,0.000235240000,   0.01600,
,,,0.000235280000,   0.02400,
,,,0.000235320000,   0.02400,
,,,0.000235360000,   0.02800,
,,,0.000235400000,   0.03200,
,,,0.000235440000,   0.03600,
,,,0.000235480000,   0.04000,
,,,0.000235520000,   0.04000,
,,,0.000235560000,   0.04400,
,,,0.000235600000,   0.04800,
,,,0.000235640000,   0.05200,
,,,0.000235680000,   0.05600,
,,,0.000235720000,   0.06000,
,,,0.000235760000,   0.06400,
,,,0.000235800000,   0.06400,
,,,0.000235840000,   0.06800,
,,,0.000235880000,   0.07200,
,,,0.000235920000,   0.07600,
,,,0.000235960000,   0.08000,
,,,0.000236000000,   0.08400,
,,,0.000236040000,   0.08800,
,,,0.000236080000,   0.08800,
,,,0.000236120000,   0.09200,
,,,0.000236160000,   0.09600,
,,,0.000236200000,   0.10000,
,,,0.000236240000,   0.10400,
,,,0.000236280000,   0.10400,
,,,0.000236320000,   0.10800,
,,,0.000236360000,   0.11200,
,,,0.000236400000,   0.11600,
,,,0.000236440000,   0.11600,
,,,0.000236480000,   0.12400,
,,,0.000236520000,   0.12400,
,,,0.000236560000,   0.12800,
,,,0.000236600000,   0.13200,
,,,0.000236640000,   0.13600,
,,,0.000236680000,   0.13600,
,,,0.000236720000,   0.14000,
,,,0.000236760000,   0.14400,
,,,0.000236800000,   0.14400,
,,,0.000236840000,   0.14800,
,,,0.000236880000,   0.14800,
,,,0.000236920000,   0.15200,
,,,0.000236960000,   0.15600,
,,,0.000237000000,   0.16000,
,,,0.000237040000,   0.16000,
,,,0.000237080000,   0.16400,
,,,0.000237120000,   0.16800,
,,,0.000237160000,   0.16800,
,,,0.000237200000,   0.17200,
,,,0.000237240000,   0.17600,
,,,0.000237280000,   0.17600,
,,,0.000237320000,   0.18000,
,,,0.000237360000,   0.18000,
,,,0.000237400000,   0.18000,
,,,0.000237440000,   0.18800,
,,,0.000237480000,   0.19200,
,,,0.000237520000,   0.19200,
,,,0.000237560000,   0.19600,
,,,0.000237600000,   0.19600,
,,,0.000237640000,   0.19600,
,,,0.000237680000,   0.20000,
,,,0.000237720000,   0.20400,
,,,0.000237760000,   0.20400,
,,,0.000237800000,   0.20800,
,,,0.000237840000,   0.20800,
,,,0.000237880000,   0.21200,
,,,0.000237920000,   0.21200,
,,,0.000237960000,   0.21200,
,,,0.000238000000,   0.21600,
,,,0.000238040000,   0.22000,
,,,0.000238080000,   0.22000,
,,,0.000238120000,   0.22000,
,,,0.000238160000,   0.22000,
,,,0.000238200000,   0.22400,
,,,0.000238240000,   0.22400,
,,,0.000238280000,   0.22800,
,,,0.000238320000,   0.23200,
,,,0.000238360000,   0.23200,
,,,0.000238400000,   0.23200,
,,,0.000238440000,   0.23200,
,,,0.000238480000,   0.23200,
,,,0.000238520000,   0.23600,
,,,0.000238560000,   0.23600,
,,,0.000238600000,   0.24000,
,,,0.000238640000,   0.24000,
,,,0.000238680000,   0.24000,
,,,0.000238720000,   0.24000,
,,,0.000238760000,   0.24400,
,,,0.000238800000,   0.24400,
,,,0.000238840000,   0.24400,
,,,0.000238880000,   0.24400,
,,,0.000238920000,   0.24800,
,,,0.000238960000,   0.24400,
,,,0.000239000000,   0.24400,
,,,0.000239040000,   0.24800,
,,,0.000239080000,   0.24800,
,,,0.000239120000,   0.25200,
,,,0.000239160000,   0.24800,
,,,0.000239200000,   0.24800,
,,,0.000239240000,   0.25200,
,,,0.000239280000,   0.25200,
,,,0.000239320000,   0.25200,
,,,0.000239360000,   0.25600,
,,,0.000239400000,   0.25200,
,,,0.000239440000,   0.25200,
,,,0.000239480000,   0.25200,
,,,0.000239520000,   0.25200,
,,,0.000239560000,   0.25200,
,,,0.000239600000,   0.25200,
,,,0.000239640000,   0.25200,
,,,0.000239680000,   0.25200,
,,,0.000239720000,   0.25200,
,,,0.000239760000,   0.25200,
,,,0.000239800000,   0.25200,
,,,0.000239840000,   0.25200,
,,,0.000239880000,   0.25200,
,,,0.000239920000,   0.24800,
,,,0.000239960000,   0.25200,
,,,0.000240000000,   0.24800,
,,,0.000240040000,   0.24800,
,,,0.000240080000,   0.24800,
,,,0.000240120000,   0.24800,
,,,0.000240160000,   0.24800,
,,,0.000240200000,   0.24400,
,,,0.000240240000,   0.24400,
,,,0.000240280000,   0.24000,
,,,0.000240320000,   0.24400,
,,,0.000240360000,   0.24400,
,,,0.000240400000,   0.24000,
,,,0.000240440000,   0.24000,
,,,0.000240480000,   0.24000,
,,,0.000240520000,   0.23600,
,,,0.000240560000,   0.23600,
,,,0.000240600000,   0.23600,
,,,0.000240640000,   0.23600,
,,,0.000240680000,   0.23200,
,,,0.000240720000,   0.23200,
,,,0.000240760000,   0.23200,
,,,0.000240800000,   0.23200,
,,,0.000240840000,   0.22800,
,,,0.000240880000,   0.22400,
,,,0.000240920000,   0.22400,
,,,0.000240960000,   0.22800,
,,,0.000241000000,   0.22000,
,,,0.000241040000,   0.22000,
,,,0.000241080000,   0.21600,
,,,0.000241120000,   0.21600,
,,,0.000241160000,   0.21600,
,,,0.000241200000,   0.21200,
,,,0.000241240000,   0.20800,
,,,0.000241280000,   0.21200,
,,,0.000241320000,   0.20400,
,,,0.000241360000,   0.20400,
,,,0.000241400000,   0.20400,
,,,0.000241440000,   0.20000,
,,,0.000241480000,   0.20000,
,,,0.000241520000,   0.20000,
,,,0.000241560000,   0.19200,
,,,0.000241600000,   0.19200,
,,,0.000241640000,   0.18800,
,,,0.000241680000,   0.18800,
,,,0.000241720000,   0.18800,
,,,0.000241760000,   0.18400,
,,,0.000241800000,   0.18000,
,,,0.000241840000,   0.17600,
,,,0.000241880000,   0.17600,
,,,0.000241920000,   0.17200,
,,,0.000241960000,   0.17200,
,,,0.000242000000,   0.16800,
,,,0.000242040000,   0.16800,
,,,0.000242080000,   0.16400,
,,,0.000242120000,   0.16000,
,,,0.000242160000,   0.15600,
,,,0.000242200000,   0.15200,
,,,0.000242240000,   0.15200,
,,,0.000242280000,   0.15200,
,,,0.000242320000,   0.14800,
,,,0.000242360000,   0.14000,
,,,0.000242400000,   0.14000,
,,,0.000242440000,   0.13600,
,,,0.000242480000,   0.13600,
,,,0.000242520000,   0.13200,
,,,0.000242560000,   0.12800,
,,,0.000242600000,   0.12400,
,,,0.000242640000,   0.12000,
,,,0.000242680000,   0.11600,
,,,0.000242720000,   0.11600,
,,,0.000242760000,   0.11200,
,,,0.000242800000,   0.11200,
,,,0.000242840000,   0.10800,
,,,0.000242880000,   0.10400,
,,,0.000242920000,   0.09600,
,,,0.000242960000,   0.09600,
,,,0.000243000000,   0.09600,
,,,0.000243040000,   0.09200,
,,,0.000243080000,   0.08800,
,,,0.000243120000,   0.08400,
,,,0.000243160000,   0.07600,
,,,0.000243200000,   0.07600,
,,,0.000243240000,   0.07200,
,,,0.000243280000,   0.07200,
,,,0.000243320000,   0.06800,
,,,0.000243360000,   0.06400,
,,,0.000243400000,   0.06000,
,,,0.000243440000,   0.05600,
,,,0.000243480000,   0.05200,
,,,0.000243520000,   0.05200,
,,,0.000243560000,   0.04800,
,,,0.000243600000,   0.04400,
,,,0.000243640000,   0.04000,
,,,0.000243680000,   0.03600,
,,,0.000243720000,   0.03200,
,,,0.000243760000,   0.02800,
,,,0.000243800000,   0.02800,
,,,0.000243840000,   0.02000,
,,,0.000243880000,   0.02000,
,,,0.000243920000,   0.01600,
,,,0.000243960000,   0.01200,
,,,0.000244000000,   0.00800,
,,,0.000244040000,   0.00800,
,,,0.000244080000,   0.00000,
,,,0.000244120000,  -0.00400,
,,,0.000244160000,  -0.00800,
,,,0.000244200000,  -0.01200,
,,,0.000244240000,  -0.01200,
,,,0.000244280000,  -0.01600,
,,,0.000244320000,  -0.02000,
,,,0.000244360000,  -0.02400,
,,,0.000244400000,  -0.02800,
,,,0.000244440000,  -0.03200,
,,,0.000244480000,  -0.03200,
,,,0.000244520000,  -0.04000,
,,,0.000244560000,  -0.04000,
,,,0.000244600000,  -0.04400,
,,,0.000244640000,  -0.04800,
,,,0.000244680000,  -0.05200,
,,,0.000244720000,  -0.05600,
,,,0.000244760000,  -0.06000,
,,,0.000244800000,  -0.06000,
,,,0.000244840000,  -0.06800,
,,,0.000244880000,  -0.06800,
,,,0.000244920000,  -0.07200,
,,,0.000244960000,  -0.08000,
,,,0.000245000000,  -0.08000,
,,,0.000245040000,  -0.08000,
,,,0.000245080000,  -0.08800,
,,,0.000245120000,  -0.08800,
,,,0.000245160000,  -0.09200,
,,,0.000245200000,  -0.10000,
,,,0.000245240000,  -0.10000,
,,,0.000245280000,  -0.10000,
,,,0.000245320000,  -0.10800,
,,,0.000245360000,  -0.10800,
,,,0.000245400000,  -0.11200,
,,,0.000245440000,  -0.11600,
,,,0.000245480000,  -0.11600,
,,,0.000245520000,  -0.12400,
,,,0.000245560000,  -0.12400,
,,,0.000245600000,  -0.12800,
,,,0.000245640000,  -0.12800,
,,,0.000245680000,  -0.13600,
,,,0.000245720000,  -0.13600,
,,,0.000245760000,  -0.14000,
,,,0.000245800000,  -0.14400,
,,,0.000245840000,  -0.14400,
,,,0.000245880000,  -0.14800,
,,,0.000245920000,  -0.15200,
,,,0.000245960000,  -0.15200,
,,,0.000246000000,  -0.15600,
,,,0.000246040000,  -0.16000,
,,,0.000246080000,  -0.16400,
,,,0.000246120000,  -0.16400,
,,,0.000246160000,  -0.16400,
,,,0.000246200000,  -0.16800,
,,,0.000246240000,  -0.17200,
,,,0.000246280000,  -0.17200,
,,,0.000246320000,  -0.17600,
,,,0.000246360000,  -0.18000,
,,,0.000246400000,  -0.18000,
,,,0.000246440000,  -0.18400,
,,,0.000246480000,  -0.18800,
,,,0.000246520000,  -0.19200,
,,,0.000246560000,  -0.19200,
,,,0.000246600000,  -0.19200,
,,,0.000246640000,  -0.19600,
,,,0.000246680000,  -0.19600,
,,,0.000246720000,  -0.20000,
,,,0.000246760000,  -0.20400,
,,,0.000246800000,  -0.20400,
,,,0.000246840000,  -0.20400,
,,,0.000246880000,  -0.20800,
,,,0.000246920000,  -0.21200,
,,,0.000246960000,  -0.21200,
,,,0.000247000000,  -0.21200,
,,,0.000247040000,  -0.21600,
,,,0.000247080000,  -0.22000,
,,,0.000247120000,  -0.22000,
,,,0.000247160000,  -0.22000,
,,,0.000247200000,  -0.22000,
,,,0.000247240000,  -0.22400,
,,,0.000247280000,  -0.22400,
,,,0.000247320000,  -0.22800,
,,,0.000247360000,  -0.22800,
,,,0.000247400000,  -0.22800,
,,,0.000247440000,  -0.23200,
,,,0.000247480000,  -0.23200,
,,,0.000247520000,  -0.23600,
,,,0.000247560000,  -0.23600,
,,,0.000247600000,  -0.23600,
,,,0.000247640000,  -0.24000,
,,,0.000247680000,  -0.24000,
,,,0.000247720000,  -0.24000,
,,,0.000247760000,  -0.24000,
,,,0.000247800000,  -0.24400,
,,,0.000247840000,  -0.24400,
,,,0.000247880000,  -0.24400,
,,,0.000247920000,  -0.24400,
,,,0.000247960000,  -0.24400,
,,,0.000248000000,  -0.24400,
,,,0.000248040000,  -0.24400,
,,,0.000248080000,  -0.24800,
,,,0.000248120000,  -0.24800,
,,,0.000248160000,  -0.24800,
,,,0.000248200000,  -0.25200,
,,,0.000248240000,  -0.25200,
,,,0.000248280000,  -0.24800,
,,,0.000248320000,  -0.25200,
,,,0.000248360000,  -0.25200,
,,,0.000248400000,  -0.25200,
,,,0.000248440000,  -0.25200,
,,,0.000248480000,  -0.25200,
,,,0.000248520000,  -0.25200,
,,,0.000248560000,  -0.25200,
,,,0.000248600000,  -0.25200,
,,,0.000248640000,  -0.25200,
,,,0.000248680000,  -0.25200,
,,,0.000248720000,  -0.25200,
,,,0.000248760000,  -0.24800,
,,,0.000248800000,  -0.24800,
,,,0.000248840000,  -0.25200,
,,,0.000248880000,  -0.25200,
,,,0.000248920000,  -0.25200,
,,,0.000248960000,  -0.24800,
,,,0.000249000000,  -0.24800,
,,,0.000249040000,  -0.24800,
,,,0.000249080000,  -0.24400,
,,,0.000249120000,  -0.24800,
,,,0.000249160000,  -0.24400,
,,,0.000249200000,  -0.24800,
,,,0.000249240000,  -0.24400,
,,,0.000249280000,  -0.24400,
,,,0.000249320000,  -0.24400,
,,,0.000249360000,  -0.24400,
,,,0.000249400000,  -0.24400,
,,,0.000249440000,  -0.24400,
,,,0.000249480000,  -0.24000,
,,,0.000249520000,  -0.24000,
,,,0.000249560000,  -0.24000,
,,,0.000249600000,  -0.23600,
,,,0.000249640000,  -0.23600,
,,,0.000249680000,  -0.23200,
,,,0.000249720000,  -0.23200,
,,,0.000249760000,  -0.23200,
,,,0.000249800000,  -0.23200,
,,,0.000249840000,  -0.22800,
,,,0.000249880000,  -0.22800,
,,,0.000249920000,  -0.22400,
,,,0.000249960000,  -0.22400,
,,,0.000250000000,  -0.22400,
,,,0.000250040000,  -0.22000,
,,,0.000250080000,  -0.21600,
,,,0.000250120000,  -0.21600,
,,,0.000250160000,  -0.21600,
,,,0.000250200000,  -0.21600,
,,,0.000250240000,  -0.21200,
,,,0.000250280000,  -0.20800,
,,,0.000250320000,  -0.20800,
,,,0.000250360000,  -0.20800,
,,,0.000250400000,  -0.20400,
,,,0.000250440000,  -0.20000,
,,,0.000250480000,  -0.20000,
,,,0.000250520000,  -0.19600,
,,,0.000250560000,  -0.19600,
,,,0.000250600000,  -0.19200,
,,,0.000250640000,  -0.19200,
,,,0.000250680000,  -0.18800,
,,,0.000250720000,  -0.18800,
,,,0.000250760000,  -0.18400,
,,,0.000250800000,  -0.18000,
,,,0.000250840000,  -0.18000,
,,,0.000250880000,  -0.17600,
,,,0.000250920000,  -0.17200,
,,,0.000250960000,  -0.17200,
,,,0.000251000000,  -0.17200,
,,,0.000251040000,  -0.16800,
,,,0.000251080000,  -0.16400,
,,,0.000251120000,  -0.16000,
,,,0.000251160000,  -0.15600,
,,,0.000251200000,  -0.15200,
,,,0.000251240000,  -0.15200,
,,,0.000251280000,  -0.15200,
,,,0.000251320000,  -0.14800,
,,,0.000251360000,  -0.14400,
,,,0.000251400000,  -0.14000,
,,,0.000251440000,  -0.14000,
,,,0.000251480000,  -0.13600,
,,,0.000251520000,  -0.13200,
,,,0.000251560000,  -0.13200,
,,,0.000251600000,  -0.12800,
,,,0.000251640000,  -0.12400,
,,,0.000251680000,  -0.12000,
,,,0.000251720000,  -0.11600,
,,,0.000251760000,  -0.11600,
,,,0.000251800000,  -0.11200,
,,,0.000251840000,  -0.10800,
,,,0.000251880000,  -0.10800,
,,,0.000251920000,  -0.10400,
,,,0.000251960000,  -0.10000,
,,,0.000252000000,  -0.09600,
,,,0.000252040000,  -0.09200,
,,,0.000252080000,  -0.08800,
,,,0.000252120000,  -0.08400,
,,,0.000252160000,  -0.08400,
,,,0.000252200000,  -0.07600,
,,,0.000252240000,  -0.07600,
,,,0.000252280000,  -0.07200,
,,,0.000252320000,  -0.06800,
,,,0.000252360000,  -0.06400,
,,,0.000252400000,  -0.06000,
,,,0.000252440000,  -0.06000,
,,,0.000252480000,  -0.05600,
,,,0.000252520000,  -0.05200,
,,,0.000252560000,  -0.04400,
,,,0.000252600000,  -0.04400,
,,,0.000252640000,  -0.04000,
,,,0.000252680000,  -0.03600,
,,,0.000252720000,  -0.03200,
,,,0.000252760000,  -0.02800,
,,,0.000252800000,  -0.02400,
,,,0.000252840000,  -0.02400,
,,,0.000252880000,  -0.01600,
,,,0.000252920000,  -0.01600,
,,,0.000252960000,  -0.01200,
,,,0.000253000000,  -0.01200,
,,,0.000253040000,  -0.00800,
,,,0.000253080000,   0.00000,
,,,0.000253120000,   0.00000,
,,,0.000253160000,   0.00400,
,,,0.000253200000,   0.00800,
,,,0.000253240000,   0.01200,
,,,0.000253280000,   0.01600,
,,,0.000253320000,   0.01600,
,,,0.000253360000,   0.02400,
,,,0.000253400000,   0.02800,
,,,0.000253440000,   0.02800,
,,,0.000253480000,   0.03200,
,,,0.000253520000,   0.03600,
,,,0.000253560000,   0.04000,
,,,0.000253600000,   0.04400,
,,,0.000253640000,   0.04800,
,,,0.000253680000,   0.05200,
,,,0.000253720000,   0.05600,
,,,0.000253760000,   0.05600,
,,,0.000253800000,   0.06000,
,,,0.000253840000,   0.06400,
,,,0.000253880000,   0.06800,
,,,0.000253920000,   0.06800,
,,,0.000253960000,   0.07600,
,,,0.000254000000,   0.07600,
,,,0.000254040000,   0.08000,
,,,0.000254080000,   0.08400,
,,,0.000254120000,   0.08800,
,,,0.000254160000,   0.09200,
,,,0.000254200000,   0.09600,
,,,0.000254240000,   0.09600,
,,,0.000254280000,   0.10000,
,,,0.000254320000,   0.10000,
,,,0.000254360000,   0.10800,
,,,0.000254400000,   0.11200,
,,,0.000254440000,   0.11600,
,,,0.000254480000,   0.11200,
,,,0.000254520000,   0.12000,
,,,0.000254560000,   0.12000,
,,,0.000254600000,   0.12400,
,,,0.000254640000,   0.12800,
,,,0.000254680000,   0.13200,
,,,0.000254720000,   0.13600,
,,,0.000254760000,   0.14000,
,,,0.000254800000,   0.14000,
,,,0.000254840000,   0.14400,
,,,0.000254880000,   0.14400,
,,,0.000254920000,   0.14800,
,,,0.000254960000,   0.15200,
,,,0.000255000000,   0.15600,
,,,0.000255040000,   0.15600,
,,,0.000255080000,   0.16000,
,,,0.000255120000,   0.16000,
,,,0.000255160000,   0.16800,
,,,0.000255200000,   0.16800,
,,,0.000255240000,   0.17200,
,,,0.000255280000,   0.17200,
,,,0.000255320000,   0.17600,
,,,0.000255360000,   0.17600,
,,,0.000255400000,   0.18000,
,,,0.000255440000,   0.18400,
,,,0.000255480000,   0.18800,
,,,0.000255520000,   0.18800,
,,,0.000255560000,   0.19200,
,,,0.000255600000,   0.19200,
,,,0.000255640000,   0.19600,
,,,0.000255680000,   0.19600,
,,,0.000255720000,   0.20000,
,,,0.000255760000,   0.20000,
,,,0.000255800000,   0.20000,
,,,0.000255840000,   0.20400,
,,,0.000255880000,   0.20400,
,,,0.000255920000,   0.20800,
,,,0.000255960000,   0.21200,
,,,0.000256000000,   0.21600,
,,,0.000256040000,   0.21600,
,,,0.000256080000,   0.21600,
,,,0.000256120000,   0.21600,
,,,0.000256160000,   0.22000,
,,,0.000256200000,   0.22400,
,,,0.000256240000,   0.22400,
,,,0.000256280000,   0.22800,
,,,0.000256320000,   0.22800,
,,,0.000256360000,   0.22800,
,,,0.000256400000,   0.23200,
,,,0.000256440000,   0.23200,
,,,0.000256480000,   0.23200,
,,,0.000256520000,   0.23600,
,,,0.000256560000,   0.23600,
,,,0.000256600000,   0.23600,
,,,0.000256640000,   0.23600,
,,,0.000256680000,   0.23600,
,,,0.000256720000,   0.23600,
,,,0.000256760000,   0.24400,
,,,0.000256800000,   0.24400,
,,,0.000256840000,   0.24400,
,,,0.000256880000,   0.24400,
,,,0.000256920000,   0.24000,
,,,0.000256960000,   0.24400,
,,,0.000257000000,   0.24800,
,,,0.000257040000,   0.24800,
,,,0.000257080000,   0.24800,
,,,0.000257120000,   0.25200,
,,,0.000257160000,   0.25200,
,,,0.000257200000,   0.24800,
,,,0.000257240000,   0.25200,
,,,0.000257280000,   0.25200,
,,,0.000257320000,   0.24800,
,,,0.000257360000,   0.25200,
,,,0.000257400000,   0.25200,
,,,0.000257440000,   0.25200,
,,,0.000257480000,   0.25200,
,,,0.000257520000,   0.25200,
,,,0.000257560000,   0.25200,
,,,0.000257600000,   0.25200,
,,,0.000257640000,   0.25600,
,,,0.000257680000,   0.25200,
,,,0.000257720000,   0.25200,
,,,0.000257760000,   0.25200,
,,,0.000257800000,   0.25200,
,,,0.000257840000,   0.25200,
,,,0.000257880000,   0.25200,
,,,0.000257920000,   0.25200,
,,,0.000257960000,   0.25200,
,,,0.000258000000,   0.25200,
,,,0.000258040000,   0.24800,
,,,0.000258080000,   0.25200,
,,,0.000258120000,   0.25200,
,,,0.000258160000,   0.25200,
,,,0.000258200000,   0.24800,
,,,0.000258240000,   0.24400,
,,,0.000258280000,   0.24400,
,,,0.000258320000,   0.24400,
,,,0.000258360000,   0.24400,
,,,0.000258400000,   0.24400,
,,,0.000258440000,   0.24400,
,,,0.000258480000,   0.24400,
,,,0.000258520000,   0.24000,
,,,0.000258560000,   0.24000,
,,,0.000258600000,   0.24000,
,,,0.000258640000,   0.24000,
,,,0.000258680000,   0.23600,
,,,0.000258720000,   0.23600,
,,,0.000258760000,   0.23200,
,,,0.000258800000,   0.23200,
,,,0.000258840000,   0.23200,
,,,0.000258880000,   0.23200,
,,,0.000258920000,   0.22800,
,,,0.000258960000,   0.22800,
,,,0.000259000000,   0.22400,
,,,0.000259040000,   0.22000,
,,,0.000259080000,   0.22000,
,,,0.000259120000,   0.22000,
,,,0.000259160000,   0.22000,
,,,0.000259200000,   0.21600,
,,,0.000259240000,   0.21600,
,,,0.000259280000,   0.21200,
,,,0.000259320000,   0.21200,
,,,0.000259360000,   0.20800,
,,,0.000259400000,   0.21200,
,,,0.000259440000,   0.20800,
,,,0.000259480000,   0.20400,
,,,0.000259520000,   0.20000,
,,,0.000259560000,   0.19600,
,,,0.000259600000,   0.19600,
,,,0.000259640000,   0.19600,
,,,0.000259680000,   0.19200,
,,,0.000259720000,   0.18800,
,,,0.000259760000,   0.18800,
,,,0.000259800000,   0.18400,
,,,0.000259840000,   0.18000,
,,,0.000259880000,   0.18000,
,,,0.000259920000,   0.17600,
,,,0.000259960000,   0.17200,
,,,0.000260000000,   0.17200,
,,,0.000260040000,   0.16800,
,,,0.000260080000,   0.16400,
,,,0.000260120000,   0.16400,
,,,0.000260160000,   0.16000,
,,,0.000260200000,   0.16000,
,,,0.000260240000,   0.15600,
,,,0.000260280000,   0.15600,
,,,0.000260320000,   0.14800,
,,,0.000260360000,   0.14800,
,,,0.000260400000,   0.14400,
,,,0.000260440000,   0.14000,
,,,0.000260480000,   0.14000,
,,,0.000260520000,   0.13600,
,,,0.000260560000,   0.13200,
,,,0.000260600000,   0.13200,
,,,0.000260640000,   0.12800,
,,,0.000260680000,   0.12400,
,,,0.000260720000,   0.12000,
,,,0.000260760000,   0.11600,
,,,0.000260800000,   0.11600,
,,,0.000260840000,   0.11200,
,,,0.000260880000,   0.10800,
,,,0.000260920000,   0.10400,
,,,0.000260960000,   0.10400,
,,,0.000261000000,   0.10000,
,,,0.000261040000,   0.09200,
,,,0.000261080000,   0.09200,
,,,0.000261120000,   0.08800,
,,,0.000261160000,   0.08400,
,,,0.000261200000,   0.08400,
,,,0.000261240000,   0.08000,
,,,0.000261280000,   0.07600,
,,,0.000261320000,   0.07200,
,,,0.000261360000,   0.06800,
,,,0.000261400000,   0.06400,
,,,0.000261440000,   0.06000,
,,,0.000261480000,   0.06000,
,,,0.000261520000,   0.05600,
,,,0.000261560000,   0.05200,
,,,0.000261600000,   0.05200,
,,,0.000261640000,   0.04400,
,,,0.000261680000,   0.04000,
,,,0.000261720000,   0.03600,
,,,0.000261760000,   0.03600,
,,,0.000261800000,   0.03200,
,,,0.000261840000,   0.02800,
,,,0.000261880000,   0.02400,
,,,0.000261920000,   0.02400,
,,,0.000261960000,   0.01600,
,,,0.000262000000,   0.01200,
,,,0.000262040000,   0.01200,
,,,0.000262080000,   0.00800,
,,,0.000262120000,   0.00400,
,,,0.000262160000,   0.00000,
,,,0.000262200000,  -0.00400,
,,,0.000262240000,  -0.00800,
,,,0.000262280000,  -0.00800,
,,,0.000262320000,  -0.01200,
,,,0.000262360000,  -0.02000,
,,,0.000262400000,  -0.02000,
,,,0.000262440000,  -0.02400,
,,,0.000262480000,  -0.02800,
,,,0.000262520000,  -0.03200,
,,,0.000262560000,  -0.03200,
,,,0.000262600000,  -0.04000,
,,,0.000262640000,  -0.04400,
,,,0.000262680000,  -0.04800,
,,,0.000262720000,  -0.05200,
,,,0.000262760000,  -0.05200,
,,,0.000262800000,  -0.05600,
,,,0.000262840000,  -0.06000,
,,,0.000262880000,  -0.06400,
,,,0.000262920000,  -0.06400,
,,,0.000262960000,  -0.06800,
,,,0.000263000000,  -0.07600,
,,,0.000263040000,  -0.07600,
,,,0.000263080000,  -0.08000,
,,,0.000263120000,  -0.08000,
,,,0.000263160000,  -0.08400,
,,,0.000263200000,  -0.09200,
,,,0.000263240000,  -0.09200,
,,,0.000263280000,  -0.09600,
,,,0.000263320000,  -0.10000,
,,,0.000263360000,  -0.10400,
,,,0.000263400000,  -0.10800,
,,,0.000263440000,  -0.10800,
,,,0.000263480000,  -0.11200,
,,,0.000263520000,  -0.11600,
,,,0.000263560000,  -0.11600,
,,,0.000263600000,  -0.12000,
,,,0.000263640000,  -0.12400,
,,,0.000263680000,  -0.12800,
,,,0.000263720000,  -0.13200,
,,,0.000263760000,  -0.13600,
,,,0.000263800000,  -0.13600,
,,,0.000263840000,  -0.14000,
,,,0.000263880000,  -0.14400,
,,,0.000263920000,  -0.14400,
,,,0.000263960000,  -0.14800,
,,,0.000264000000,  -0.15200,
,,,0.000264040000,  -0.15200,
,,,0.000264080000,  -0.15600,
,,,0.000264120000,  -0.15600,
,,,0.000264160000,  -0.16000,
,,,0.000264200000,  -0.16400,
,,,0.000264240000,  -0.16800,
,,,0.000264280000,  -0.17200,
,,,0.000264320000,  -0.17200,
,,,0.000264360000,  -0.17600,
,,,0.000264400000,  -0.17600,
,,,0.000264440000,  -0.18000,
,,,0.000264480000,  -0.18000,
,,,0.000264520000,  -0.18400,
,,,0.000264560000,  -0.18800,
,,,0.000264600000,  -0.18800,
,,,0.000264640000,  -0.19200,
,,,0.000264680000,  -0.19600,
,,,0.000264720000,  -0.20000,
,,,0.000264760000,  -0.20000,
,,,0.000264800000,  -0.20000,
,,,0.000264840000,  -0.20400,
,,,0.000264880000,  -0.20400,
,,,0.000264920000,  -0.20400,
,,,0.000264960000,  -0.21200,
,,,0.000265000000,  -0.21200,
,,,0.000265040000,  -0.21600,
,,,0.000265080000,  -0.21600,
,,,0.000265120000,  -0.21600,
,,,0.000265160000,  -0.21600,
,,,0.000265200000,  -0.22000,
,,,0.000265240000,  -0.22400,
,,,0.000265280000,  -0.22000,
,,,0.000265320000,  -0.22400,
,,,0.000265360000,  -0.22800,
,,,0.000265400000,  -0.22800,
,,,0.000265440000,  -0.23200,
,,,0.000265480000,  -0.23200,
,,,0.000265520000,  -0.23200,
,,,0.000265560000,  -0.23600,
,,,0.000265600000,  -0.23600,
,,,0.000265640000,  -0.23600,
,,,0.000265680000,  -0.23600,
,,,0.000265720000,  -0.24000,
,,,0.000265760000,  -0.24000,
,,,0.000265800000,  -0.24000,
,,,0.000265840000,  -0.24000,
,,,0.000265880000,  -0.24400,
,,,0.000265920000,  -0.24400,
,,,0.000265960000,  -0.24400,
,,,0.000266000000,  -0.24400,
,,,0.000266040000,  -0.24800,
,,,0.000266080000,  -0.24400,
,,,0.000266120000,  -0.24800,
,,,0.000266160000,  -0.24800,
,,,0.000266200000,  -0.24800,
,,,0.000266240000,  -0.24800,
,,,0.000266280000,  -0.24800,
,,,0.000266320000,  -0.25200,
,,,0.000266360000,  -0.25200,
,,,0.000266400000,  -0.25200,
,,,0.000266440000,  -0.25200,
,,,0.000266480000,  -0.25200,
,,,0.000266520000,  -0.25200,
,,,0.000266560000,  -0.25200,
,,,0.000266600000,  -0.25200,
,,,0.000266640000,  -0.25200,
,,,0.000266680000,  -0.25200,
,,,0.000266720000,  -0.25200,
,,,0.000266760000,  -0.25200,
,,,0.000266800000,  -0.25200,
,,,0.000266840000,  -0.25200,
,,,0.000266880000,  -0.25200,
,,,0.000266920000,  -0.25200,
,,,0.000266960000,  -0.25200,
,,,0.000267000000,  -0.24800,
,,,0.000267040000,  -0.24800,
,,,0.000267080000,  -0.24800,
,,,0.000267120000,  -0.24800,
,,,0.000267160000,  -0.24800,
,,,0.000267200000,  -0.24800,
,,,0.000267240000,  -0.24800,
,,,0.000267280000,  -0.24400,
,,,0.000267320000,  -0.24400,
,,,0.000267360000,  -0.24400,
,,,0.000267400000,  -0.24400,
,,,0.000267440000,  -0.24400,
,,,0.000267480000,  -0.24000,
,,,0.000267520000,  -0.24000,
,,,0.000267560000,  -0.24000,
,,,0.000267600000,  -0.24000,
,,,0.000267640000,  -0.24000,
,,,0.000267680000,  -0.23600,
,,,0.000267720000,  -0.23200,
,,,0.000267760000,  -0.23200,
,,,0.000267800000,  -0.23200,
,,,0.000267840000,  -0.22800,
,,,0.000267880000,  -0.22800,
,,,0.000267920000,  -0.23200,
,,,0.000267960000,  -0.22800,
,,,0.000268000000,  -0.22400,
,,,0.000268040000,  -0.22400,
,,,0.000268080000,  -0.22000,
,,,0.000268120000,  -0.22000,
,,,0.000268160000,  -0.21600,
,,,0.000268200000,  -0.21600,
,,,0.000268240000,  -0.21600,
,,,0.000268280000,  -0.21200,
,,,0.000268320000,  -0.20800,
,,,0.000268360000,  -0.21200,
,,,0.000268400000,  -0.20800,
,,,0.000268440000,  -0.20800,
,,,0.000268480000,  -0.20400,
,,,0.000268520000,  -0.20000,
,,,0.000268560000,  -0.20000,
,,,0.000268600000,  -0.19600,
,,,0.000268640000,  -0.19600,
,,,0.000268680000,  -0.19200,
,,,0.000268720000,  -0.19200,
,,,0.000268760000,  -0.18800,
,,,0.000268800000,  -0.18400,
,,,0.000268840000,  -0.18400,
,,,0.000268880000,  -0.18000,
,,,0.000268920000,  -0.18000,
,,,0.000268960000,  -0.17600,
,,,0.000269000000,  -0.17600,
,,,0.000269040000,  -0.17200,
,,,0.000269080000,  -0.16800,
,,,0.000269120000,  -0.16400,
,,,0.000269160000,  -0.16400,
,,,0.000269200000,  -0.16000,
,,,0.000269240000,  -0.15600,
,,,0.000269280000,  -0.15600,
,,,0.000269320000,  -0.15200,
,,,0.000269360000,  -0.14800,
,,,0.000269400000,  -0.14400,
,,,0.000269440000,  -0.14400,
,,,0.000269480000,  -0.14000,
,,,0.000269520000,  -0.13600,
,,,0.000269560000,  -0.13600,
,,,0.000269600000,  -0.13200,
,,,0.000269640000,  -0.12800,
,,,0.000269680000,  -0.12400,
,,,0.000269720000,  -0.12400,
,,,0.000269760000,  -0.12000,
,,,0.000269800000,  -0.11600,
,,,0.000269840000,  -0.11200,
,,,0.000269880000,  -0.10800,
,,,0.000269920000,  -0.11200,
,,,0.000269960000,  -0.10400,
,,,0.000270000000,  -0.10000,
,,,0.000270040000,  -0.10000,
,,,0.000270080000,  -0.09600,
,,,0.000270120000,  -0.09200,
,,,0.000270160000,  -0.08800,
,,,0.000270200000,  -0.08400,
,,,0.000270240000,  -0.08000,
,,,0.000270280000,  -0.08000,
,,,0.000270320000,  -0.07200,
,,,0.000270360000,  -0.07200,
,,,0.000270400000,  -0.06800,
,,,0.000270440000,  -0.06400,
,,,0.000270480000,  -0.06000,
,,,0.000270520000,  -0.05600,
,,,0.000270560000,  -0.05200,
,,,0.000270600000,  -0.05200,
,,,0.000270640000,  -0.04800,
,,,0.000270680000,  -0.04400,
,,,0.000270720000,  -0.04000,
,,,0.000270760000,  -0.03600,
,,,0.000270800000,  -0.03200,
,,,0.000270840000,  -0.03200,
,,,0.000270880000,  -0.02800,
,,,0.000270920000,  -0.02400,
,,,0.000270960000,  -0.01600,
,,,0.000271000000,  -0.01600,
,,,0.000271040000,  -0.01200,
,,,0.000271080000,  -0.00800,
,,,0.000271120000,  -0.00400,
,,,0.000271160000,   0.00000,
,,,0.000271200000,   0.00000,
,,,0.000271240000,   0.00800,
,,,0.000271280000,   0.01200,
,,,0.000271320000,   0.01200,
,,,0.000271360000,   0.01600,
,,,0.000271400000,   0.02000,
,,,0.000271440000,   0.02000,
,,,0.000271480000,   0.02400,
,,,0.000271520000,   0.03200,
,,,0.000271560000,   0.03600,
,,,0.000271600000,   0.03600,
,,,0.000271640000,   0.04000,
,,,0.000271680000,   0.04400,
,,,0.000271720000,   0.04800,
,,,0.000271760000,   0.05200,
,,,0.000271800000,   0.05200,
,,,0.000271840000,   0.06000,
,,,0.000271880000,   0.06000,
,,,0.000271920000,   0.06800,
,,,0.000271960000,   0.06800,
,,,0.000272000000,   0.07200,
,,,0.000272040000,   0.07200,
,,,0.000272080000,   0.08000,
,,,0.000272120000,   0.08400,
,,,0.000272160000,   0.08400,
,,,0.000272200000,   0.08800,
,,,0.000272240000,   0.09200,
,,,0.000272280000,   0.09600,
,,,0.000272320000,   0.09600,
,,,0.000272360000,   0.10000,
,,,0.000272400000,   0.10800,
,,,0.000272440000,   0.10800,
,,,0.000272480000,   0.11200,
,,,0.000272520000,   0.11200,
,,,0.000272560000,   0.11600,
,,,0.000272600000,   0.12000,
,,,0.000272640000,   0.12400,
,,,0.000272680000,   0.12400,
,,,0.000272720000,   0.12800,
,,,0.000272760000,   0.12800,
,,,0.000272800000,   0.13600,
,,,0.000272840000,   0.13600,
,,,0.000272880000,   0.14000,
,,,0.000272920000,   0.14400,
,,,0.000272960000,   0.14800,
,,,0.000273000000,   0.15200,
,,,0.000273040000,   0.15200,
,,,0.000273080000,   0.15600,
,,,0.000273120000,   0.15600,
,,,0.000273160000,   0.16000,
,,,0.000273200000,   0.16400,
,,,0.000273240000,   0.16400,
,,,0.000273280000,   0.16800,
,,,0.000273320000,   0.17200,
,,,0.000273360000,   0.17200,
,,,0.000273400000,   0.17600,
,,,0.000273440000,   0.18000,
,,,0.000273480000,   0.18400,
,,,0.000273520000,   0.18400,
,,,0.000273560000,   0.18400,
,,,0.000273600000,   0.18800,
,,,0.000273640000,   0.19200,
,,,0.000273680000,   0.19200,
,,,0.000273720000,   0.19600,
,,,0.000273760000,   0.19600,
,,,0.000273800000,   0.20000,
,,,0.000273840000,   0.20400,
,,,0.000273880000,   0.20400,
,,,0.000273920000,   0.20800,
,,,0.000273960000,   0.20800,
,,,0.000274000000,   0.20800,
,,,0.000274040000,   0.21200,
,,,0.000274080000,   0.21600,
,,,0.000274120000,   0.21600,
,,,0.000274160000,   0.21600,
,,,0.000274200000,   0.22000,
,,,0.000274240000,   0.22000,
,,,0.000274280000,   0.22400,
,,,0.000274320000,   0.22000,
,,,0.000274360000,   0.22400,
,,,0.000274400000,   0.22800,
,,,0.000274440000,   0.23200,
,,,0.000274480000,   0.23200,
,,,0.000274520000,   0.23200,
,,,0.000274560000,   0.23200,
,,,0.000274600000,   0.23200,
,,,0.000274640000,   0.23600,
,,,0.000274680000,   0.23600,
,,,0.000274720000,   0.24000,
,,,0.000274760000,   0.24000,
,,,0.000274800000,   0.24000,
,,,0.000274840000,   0.24000,
,,,0.000274880000,   0.24400,
,,,0.000274920000,   0.24400,
,,,0.000274960000,   0.24800,
,,,0.000275000000,   0.24800,
,,,0.000275040000,   0.24400,
,,,0.000275080000,   0.24400,
,,,0.000275120000,   0.24800,
,,,0.000275160000,   0.24800,
,,,0.000275200000,   0.24800,
,,,0.000275240000,   0.25200,
,,,0.000275280000,   0.25200,
,,,0.000275320000,   0.25200,
,,,0.000275360000,   0.25200,
,,,0.000275400000,   0.25200,
,,,0.000275440000,   0.25200,
,,,0.000275480000,   0.25200,
,,,0.000275520000,   0.25200,
,,,0.000275560000,   0.25600,
,,,0.000275600000,   0.25200,
,,,0.000275640000,   0.25200,
,,,0.000275680000,   0.25200,
,,,0.000275720000,   0.25200,
,,,0.000275760000,   0.25600,
,,,0.000275800000,   0.25200,
,,,0.000275840000,   0.25200,
,,,0.000275880000,   0.25200,
,,,0.000275920000,   0.25200,
,,,0.000275960000,   0.25200,
,,,0.000276000000,   0.24800,
,,,0.000276040000,   0.25200,
,,,0.000276080000,   0.25200,
,,,0.000276120000,   0.25200,
,,,0.000276160000,   0.24800,
,,,0.000276200000,   0.24800,
,,,0.000276240000,   0.24800,
,,,0.000276280000,   0.24800,
,,,0.000276320000,   0.24800,
,,,0.000276360000,   0.24800,
,,,0.000276400000,   0.24400,
,,,0.000276440000,   0.24400,
,,,0.000276480000,   0.24400,
,,,0.000276520000,   0.24000,
,,,0.000276560000,   0.24000,
,,,0.000276600000,   0.24000,
,,,0.000276640000,   0.24000,
,,,0.000276680000,   0.23600,
,,,0.000276720000,   0.23600,
,,,0.000276760000,   0.23600,
,,,0.000276800000,   0.23200,
,,,0.000276840000,   0.23200,
,,,0.000276880000,   0.23200,
,,,0.000276920000,   0.23200,
,,,0.000276960000,   0.22800,
,,,0.000277000000,   0.22800,
,,,0.000277040000,   0.22800,
,,,0.000277080000,   0.22400,
,,,0.000277120000,   0.22400,
,,,0.000277160000,   0.22000,
,,,0.000277200000,   0.21600,
,,,0.000277240000,   0.21600,
,,,0.000277280000,   0.21200,
,,,0.000277320000,   0.21200,
,,,0.000277360000,   0.21200,
,,,0.000277400000,   0.21200,
,,,0.000277440000,   0.20800,
,,,0.000277480000,   0.20400,
,,,0.000277520000,   0.20400,
,,,0.000277560000,   0.20000,
,,,0.000277600000,   0.20000,
,,,0.000277640000,   0.19600,
,,,0.000277680000,   0.19600,
,,,0.000277720000,   0.19200,
,,,0.000277760000,   0.19200,
,,,0.000277800000,   0.18800,
,,,0.000277840000,   0.18400,
,,,0.000277880000,   0.18400,
,,,0.000277920000,   0.18400,
,,,0.000277960000,   0.18000,
,,,0.000278000000,   0.17600,
,,,0.000278040000,   0.17200,
,,,0.000278080000,   0.16800,
,,,0.000278120000,   0.16800,
,,,0.000278160000,   0.16400,
,,,0.000278200000,   0.16400,
,,,0.000278240000,   0.16000,
,,,0.000278280000,   0.15600,
,,,0.000278320000,   0.15600,
,,,0.000278360000,   0.15200,
,,,0.000278400000,   0.14800,
,,,0.000278440000,   0.14400,
,,,0.000278480000,   0.14400,
,,,0.000278520000,   0.14000,
,,,0.000278560000,   0.14000,
,,,0.000278600000,   0.13600,
,,,0.000278640000,   0.13200,
,,,0.000278680000,   0.13200,
,,,0.000278720000,   0.12400,
,,,0.000278760000,   0.12400,
,,,0.000278800000,   0.12000,
,,,0.000278840000,   0.11600,
,,,0.000278880000,   0.11200,
,,,0.000278920000,   0.11200,
,,,0.000278960000,   0.10800,
,,,0.000279000000,   0.10400,
,,,0.000279040000,   0.10000,
,,,0.000279080000,   0.09600,
,,,0.000279120000,   0.09600,
,,,0.000279160000,   0.08800,
,,,0.000279200000,   0.09200,
,,,0.000279240000,   0.08400,
,,,0.000279280000,   0.08400,
,,,0.000279320000,   0.07600,
,,,0.000279360000,   0.07200,
,,,0.000279400000,   0.07200,
,,,0.000279440000,   0.06800,
,,,0.000279480000,   0.06400,
,,,0.000279520000,   0.06000,
,,,0.000279560000,   0.05600,
,,,0.000279600000,   0.05200,
,,,0.000279640000,   0.04800,
,,,0.000279680000,   0.04800,
,,,0.000279720000,   0.04400,
,,,0.000279760000,   0.04000,
,,,0.000279800000,   0.03600,
,,,0.000279840000,   0.03600,
,,,0.000279880000,   0.02800,
,,,0.000279920000,   0.02400,
,,,0.000279960000,   0.02400,
