Record Length,2.500000e+03,,   0.000001200000,  -0.04000,
Sample Interval,2.000000e-08,,   0.000001220000,  -0.04000,
Trigger Point,-6.000000000000e+01,,   0.000001240000,  -0.04000,
,,,   0.000001260000,  -0.04000,
,,,   0.000001280000,  -0.04000,
,,,   0.000001300000,  -0.04000,
Source,CH1,,   0.000001320000,  -0.04000,
Vertical Units,V,,   0.000001340000,  -0.04000,
Vertical Scale,5.000000e-01,,   0.000001360000,  -0.04000,
Vertical Offset,-1.680000e+00,,   0.000001380000,  -0.04000,
Horizontal Units,s,,   0.000001400000,  -0.04000,
Horizontal Scale,5.000000e-06,,   0.000001420000,  -0.04000,
Pt Fmt,Y,,   0.000001440000,  -0.04000,
Yzero,0.000000e+00,,   0.000001460000,  -0.04000,
Probe Atten,1.000000e+00,,   0.000001480000,  -0.04000,
Model Number,TDS2012B,,   0.000001500000,  -0.04000,
Serial Number,C102526,,   0.000001520000,  -0.04000,
Firmware Version,FV:v22.11,,   0.000001540000,  -0.04000,
,,,0.000001560000,  -0.04000,
,,,0.000001580000,  -0.04000,
,,,0.000001600000,  -0.04000,
,,,0.000001620000,  -0.02000,
,,,0.000001640000,  -0.04000,
,,,0.000001660000,  -0.04000,
,,,0.000001680000,  -0.04000,
,,,0.000001700000,  -0.04000,
,,,0.000001720000,  -0.02000,
,,,0.000001740000,  -0.02000,
,,,0.000001760000,  -0.04000,
,,,0.000001780000,  -0.04000,
,,,0.000001800000,  -0.04000,
,,,0.000001820000,  -0.02000,
,,,0.000001840000,  -0.04000,
,,,0.000001860000,  -0.04000,
,,,0.000001880000,  -0.02000,
,,,0.000001900000,  -0.04000,
,,,0.000001920000,  -0.04000,
,,,0.000001940000,  -0.04000,
,,,0.000001960000,  -0.02000,
,,,0.000001980000,  -0.04000,
,,,0.000002000000,  -0.04000,
,,,0.000002020000,  -0.04000,
,,,0.000002040000,  -0.04000,
,,,0.000002060000,  -0.02000,
,,,0.000002080000,  -0.04000,
,,,0.000002100000,  -0.04000,
,,,0.000002120000,  -0.04000,
,,,0.000002140000,  -0.02000,
,,,0.000002160000,  -0.02000,
,,,0.000002180000,  -0.04000,
,,,0.000002200000,  -0.02000,
,,,0.000002220000,  -0.04000,
,,,0.000002240000,  -0.02000,
,,,0.000002260000,  -0.04000,
,,,0.000002280000,  -0.04000,
,,,0.000002300000,  -0.02000,
,,,0.000002320000,  -0.04000,
,,,0.000002340000,  -0.04000,
,,,0.000002360000,  -0.04000,
,,,0.000002380000,  -0.04000,
,,,0.000002400000,  -0.04000,
,,,0.000002420000,  -0.04000,
,,,0.000002440000,  -0.04000,
,,,0.000002460000,  -0.02000,
,,,0.000002480000,  -0.02000,
,,,0.000002500000,  -0.04000,
,,,0.000002520000,  -0.02000,
,,,0.000002540000,  -0.04000,
,,,0.000002560000,  -0.04000,
,,,0.000002580000,  -0.02000,
,,,0.000002600000,  -0.04000,
,,,0.000002620000,  -0.04000,
,,,0.000002640000,  -0.02000,
,,,0.000002660000,  -0.04000,
,,,0.000002680000,  -0.04000,
,,,0.000002700000,  -0.04000,
,,,0.000002720000,  -0.04000,
,,,0.000002740000,  -0.04000,
,,,0.000002760000,  -0.04000,
,,,0.000002780000,  -0.04000,
,,,0.000002800000,  -0.04000,
,,,0.000002820000,  -0.04000,
,,,0.000002840000,  -0.04000,
,,,0.000002860000,  -0.04000,
,,,0.000002880000,  -0.04000,
,,,0.000002900000,  -0.04000,
,,,0.000002920000,  -0.04000,
,,,0.000002940000,  -0.04000,
,,,0.000002960000,  -0.04000,
,,,0.000002980000,  -0.04000,
,,,0.000003000000,  -0.04000,
,,,0.000003020000,  -0.02000,
,,,0.000003040000,  -0.04000,
,,,0.000003060000,  -0.04000,
,,,0.000003080000,  -0.04000,
,,,0.000003100000,  -0.04000,
,,,0.000003120000,  -0.04000,
,,,0.000003140000,  -0.04000,
,,,0.000003160000,  -0.04000,
,,,0.000003180000,  -0.04000,
,,,0.000003200000,  -0.04000,
,,,0.000003220000,  -0.02000,
,,,0.000003240000,  -0.04000,
,,,0.000003260000,  -0.04000,
,,,0.000003280000,  -0.04000,
,,,0.000003300000,  -0.04000,
,,,0.000003320000,  -0.02000,
,,,0.000003340000,  -0.04000,
,,,0.000003360000,  -0.04000,
,,,0.000003380000,  -0.02000,
,,,0.000003400000,  -0.02000,
,,,0.000003420000,  -0.02000,
,,,0.000003440000,  -0.02000,
,,,0.000003460000,  -0.02000,
,,,0.000003480000,  -0.02000,
,,,0.000003500000,  -0.02000,
,,,0.000003520000,  -0.02000,
,,,0.000003540000,  -0.04000,
,,,0.000003560000,  -0.02000,
,,,0.000003580000,  -0.04000,
,,,0.000003600000,  -0.02000,
,,,0.000003620000,  -0.04000,
,,,0.000003640000,  -0.04000,
,,,0.000003660000,  -0.02000,
,,,0.000003680000,  -0.04000,
,,,0.000003700000,  -0.02000,
,,,0.000003720000,  -0.02000,
,,,0.000003740000,  -0.02000,
,,,0.000003760000,  -0.02000,
,,,0.000003780000,  -0.02000,
,,,0.000003800000,  -0.02000,
,,,0.000003820000,  -0.02000,
,,,0.000003840000,  -0.04000,
,,,0.000003860000,  -0.02000,
,,,0.000003880000,  -0.02000,
,,,0.000003900000,  -0.04000,
,,,0.000003920000,  -0.04000,
,,,0.000003940000,  -0.02000,
,,,0.000003960000,  -0.04000,
,,,0.000003980000,  -0.02000,
,,,0.000004000000,  -0.02000,
,,,0.000004020000,  -0.02000,
,,,0.000004040000,  -0.04000,
,,,0.000004060000,  -0.02000,
,,,0.000004080000,  -0.02000,
,,,0.000004100000,  -0.02000,
,,,0.000004120000,  -0.02000,
,,,0.000004140000,  -0.02000,
,,,0.000004160000,  -0.02000,
,,,0.000004180000,  -0.02000,
,,,0.000004200000,  -0.02000,
,,,0.000004220000,  -0.02000,
,,,0.000004240000,  -0.02000,
,,,0.000004260000,  -0.02000,
,,,0.000004280000,  -0.02000,
,,,0.000004300000,  -0.02000,
,,,0.000004320000,  -0.02000,
,,,0.000004340000,  -0.02000,
,,,0.000004360000,   0.00000,
,,,0.000004380000,  -0.02000,
,,,0.000004400000,  -0.02000,
,,,0.000004420000,  -0.02000,
,,,0.000004440000,  -0.02000,
,,,0.000004460000,   0.00000,
,,,0.000004480000,  -0.02000,
,,,0.000004500000,  -0.02000,
,,,0.000004520000,  -0.04000,
,,,0.000004540000,  -0.02000,
,,,0.000004560000,   0.04000,
,,,0.000004580000,   0.06000,
,,,0.000004600000,   3.40000,
,,,0.000004620000,   4.06000,
,,,0.000004640000,   4.22000,
,,,0.000004660000,   3.96000,
,,,0.000004680000,   3.98000,
,,,0.000004700000,   4.04000,
,,,0.000004720000,   3.96000,
,,,0.000004740000,   3.54000,
,,,0.000004760000,   4.12000,
,,,0.000004780000,   4.20000,
,,,0.000004800000,   4.22000,
,,,0.000004820000,   4.22000,
,,,0.000004840000,   4.22000,
,,,0.000004860000,   4.22000,
,,,0.000004880000,   4.22000,
,,,0.000004900000,   4.22000,
,,,0.000004920000,   4.22000,
,,,0.000004940000,   4.22000,
,,,0.000004960000,   4.22000,
,,,0.000004980000,   4.22000,
,,,0.000005000000,   4.22000,
,,,0.000005020000,   4.22000,
,,,0.000005040000,   4.22000,
,,,0.000005060000,   4.22000,
,,,0.000005080000,   4.22000,
,,,0.000005100000,   4.22000,
,,,0.000005120000,   4.22000,
,,,0.000005140000,   4.22000,
,,,0.000005160000,   4.12000,
,,,0.000005180000,   4.22000,
,,,0.000005200000,   4.22000,
,,,0.000005220000,   4.22000,
,,,0.000005240000,   4.22000,
,,,0.000005260000,   4.22000,
,,,0.000005280000,   4.22000,
,,,0.000005300000,   4.22000,
,,,0.000005320000,   4.22000,
,,,0.000005340000,   4.22000,
,,,0.000005360000,   4.22000,
,,,0.000005380000,   4.22000,
,,,0.000005400000,   4.22000,
,,,0.000005420000,   4.22000,
,,,0.000005440000,   4.22000,
,,,0.000005460000,   4.22000,
,,,0.000005480000,   4.22000,
,,,0.000005500000,   4.22000,
,,,0.000005520000,   4.22000,
,,,0.000005540000,   4.22000,
,,,0.000005560000,   4.22000,
,,,0.000005580000,   4.22000,
,,,0.000005600000,   4.22000,
,,,0.000005620000,   4.22000,
,,,0.000005640000,   4.22000,
,,,0.000005660000,   4.22000,
,,,0.000005680000,   4.22000,
,,,0.000005700000,   4.22000,
,,,0.000005720000,   4.22000,
,,,0.000005740000,   4.22000,
,,,0.000005760000,   4.22000,
,,,0.000005780000,   4.22000,
,,,0.000005800000,   4.22000,
,,,0.000005820000,   4.22000,
,,,0.000005840000,   4.22000,
,,,0.000005860000,   4.22000,
,,,0.000005880000,   4.22000,
,,,0.000005900000,   4.22000,
,,,0.000005920000,   4.22000,
,,,0.000005940000,   4.22000,
,,,0.000005960000,   4.22000,
,,,0.000005980000,   4.22000,
,,,0.000006000000,   4.22000,
,,,0.000006020000,   4.22000,
,,,0.000006040000,   4.22000,
,,,0.000006060000,   4.22000,
,,,0.000006080000,   4.22000,
,,,0.000006100000,   4.22000,
,,,0.000006120000,   4.22000,
,,,0.000006140000,   4.22000,
,,,0.000006160000,   4.22000,
,,,0.000006180000,   4.22000,
,,,0.000006200000,   4.22000,
,,,0.000006220000,   4.22000,
,,,0.000006240000,   4.22000,
,,,0.000006260000,   4.22000,
,,,0.000006280000,   4.22000,
,,,0.000006300000,   4.22000,
,,,0.000006320000,   4.22000,
,,,0.000006340000,   4.22000,
,,,0.000006360000,   4.22000,
,,,0.000006380000,   4.20000,
,,,0.000006400000,   4.22000,
,,,0.000006420000,   4.20000,
,,,0.000006440000,   4.22000,
,,,0.000006460000,   4.20000,
,,,0.000006480000,   4.20000,
,,,0.000006500000,   4.22000,
,,,0.000006520000,   4.22000,
,,,0.000006540000,   4.22000,
,,,0.000006560000,   4.22000,
,,,0.000006580000,   4.22000,
,,,0.000006600000,   4.22000,
,,,0.000006620000,   4.22000,
,,,0.000006640000,   4.20000,
,,,0.000006660000,   4.20000,
,,,0.000006680000,   4.20000,
,,,0.000006700000,   4.20000,
,,,0.000006720000,   4.22000,
,,,0.000006740000,   4.22000,
,,,0.000006760000,   4.20000,
,,,0.000006780000,   4.22000,
,,,0.000006800000,   4.20000,
,,,0.000006820000,   4.20000,
,,,0.000006840000,   4.22000,
,,,0.000006860000,   4.22000,
,,,0.000006880000,   4.22000,
,,,0.000006900000,   4.20000,
,,,0.000006920000,   4.20000,
,,,0.000006940000,   4.20000,
,,,0.000006960000,   4.22000,
,,,0.000006980000,   4.22000,
,,,0.000007000000,   4.22000,
,,,0.000007020000,   4.20000,
,,,0.000007040000,   4.20000,
,,,0.000007060000,   4.20000,
,,,0.000007080000,   4.20000,
,,,0.000007100000,   4.22000,
,,,0.000007120000,   4.22000,
,,,0.000007140000,   4.20000,
,,,0.000007160000,   4.20000,
,,,0.000007180000,   4.20000,
,,,0.000007200000,   4.20000,
,,,0.000007220000,   4.22000,
,,,0.000007240000,   4.20000,
,,,0.000007260000,   4.22000,
,,,0.000007280000,   4.20000,
,,,0.000007300000,   4.22000,
,,,0.000007320000,   4.22000,
,,,0.000007340000,   4.22000,
,,,0.000007360000,   4.22000,
,,,0.000007380000,   4.22000,
,,,0.000007400000,   4.22000,
,,,0.000007420000,   4.22000,
,,,0.000007440000,   4.20000,
,,,0.000007460000,   4.22000,
,,,0.000007480000,   4.22000,
,,,0.000007500000,   4.22000,
,,,0.000007520000,   4.20000,
,,,0.000007540000,   4.00000,
,,,0.000007560000,   3.88000,
,,,0.000007580000,   3.94000,
,,,0.000007600000,   3.98000,
,,,0.000007620000,   3.96000,
,,,0.000007640000,   3.86000,
,,,0.000007660000,   3.70000,
,,,0.000007680000,   3.60000,
,,,0.000007700000,   3.56000,
,,,0.000007720000,   3.46000,
,,,0.000007740000,   3.24000,
,,,0.000007760000,   3.16000,
,,,0.000007780000,   3.06000,
,,,0.000007800000,   3.02000,
,,,0.000007820000,   3.06000,
,,,0.000007840000,   3.04000,
,,,0.000007860000,   2.96000,
,,,0.000007880000,   2.84000,
,,,0.000007900000,   2.74000,
,,,0.000007920000,   2.68000,
,,,0.000007940000,   2.62000,
,,,0.000007960000,   2.44000,
,,,0.000007980000,   2.38000,
,,,0.000008000000,   2.28000,
,,,0.000008020000,   2.28000,
,,,0.000008040000,   2.26000,
,,,0.000008060000,   2.20000,
,,,0.000008080000,   2.14000,
,,,0.000008100000,   2.04000,
,,,0.000008120000,   1.96000,
,,,0.000008140000,   1.90000,
,,,0.000008160000,   1.80000,
,,,0.000008180000,   1.74000,
,,,0.000008200000,   1.66000,
,,,0.000008220000,   1.62000,
,,,0.000008240000,   1.58000,
,,,0.000008260000,   1.52000,
,,,0.000008280000,   1.46000,
,,,0.000008300000,   1.40000,
,,,0.000008320000,   1.32000,
,,,0.000008340000,   1.26000,
,,,0.000008360000,   1.20000,
,,,0.000008380000,   1.14000,
,,,0.000008400000,   1.10000,
,,,0.000008420000,   1.06000,
,,,0.000008440000,   1.02000,
,,,0.000008460000,   0.96000,
,,,0.000008480000,   0.90000,
,,,0.000008500000,   0.82000,
,,,0.000008520000,   0.76000,
,,,0.000008540000,   0.68000,
,,,0.000008560000,   0.62000,
,,,0.000008580000,   0.58000,
,,,0.000008600000,   0.56000,
,,,0.000008620000,   0.52000,
,,,0.000008640000,   0.50000,
,,,0.000008660000,   0.46000,
,,,0.000008680000,   0.42000,
,,,0.000008700000,   0.36000,
,,,0.000008720000,   0.30000,
,,,0.000008740000,   0.24000,
,,,0.000008760000,   0.20000,
,,,0.000008780000,   0.18000,
,,,0.000008800000,   0.16000,
,,,0.000008820000,   0.10000,
,,,0.000008840000,   0.08000,
,,,0.000008860000,   0.06000,
,,,0.000008880000,   0.04000,
,,,0.000008900000,   0.02000,
,,,0.000008920000,   0.00000,
,,,0.000008940000,   0.02000,
,,,0.000008960000,   0.12000,
,,,0.000008980000,   0.24000,
,,,0.000009000000,   0.34000,
,,,0.000009020000,   0.32000,
,,,0.000009040000,   0.32000,
,,,0.000009060000,   0.24000,
,,,0.000009080000,   0.20000,
,,,0.000009100000,   0.16000,
,,,0.000009120000,   0.20000,
,,,0.000009140000,   0.44000,
,,,0.000009160000,   0.58000,
,,,0.000009180000,   0.84000,
,,,0.000009200000,   0.84000,
,,,0.000009220000,   1.02000,
,,,0.000009240000,   0.80000,
,,,0.000009260000,   0.82000,
,,,0.000009280000,   0.72000,
,,,0.000009300000,   0.68000,
,,,0.000009320000,   0.62000,
,,,0.000009340000,   0.62000,
,,,0.000009360000,   0.98000,
,,,0.000009380000,   1.04000,
,,,0.000009400000,   1.72000,
,,,0.000009420000,   1.34000,
,,,0.000009440000,   1.84000,
,,,0.000009460000,   1.44000,
,,,0.000009480000,   1.50000,
,,,0.000009500000,   1.40000,
,,,0.000009520000,   1.32000,
,,,0.000009540000,   1.26000,
,,,0.000009560000,   1.18000,
,,,0.000009580000,   1.16000,
,,,0.000009600000,   1.38000,
,,,0.000009620000,   1.38000,
,,,0.000009640000,   1.58000,
,,,0.000009660000,   1.36000,
,,,0.000009680000,   1.34000,
,,,0.000009700000,   1.28000,
,,,0.000009720000,   1.22000,
,,,0.000009740000,   1.16000,
,,,0.000009760000,   1.10000,
,,,0.000009780000,   1.02000,
,,,0.000009800000,   0.98000,
,,,0.000009820000,   1.06000,
,,,0.000009840000,   1.08000,
,,,0.000009860000,   1.10000,
,,,0.000009880000,   1.06000,
,,,0.000009900000,   0.96000,
,,,0.000009920000,   0.94000,
,,,0.000009940000,   0.86000,
,,,0.000009960000,   0.80000,
,,,0.000009980000,   0.74000,
,,,0.000010000000,   0.68000,
,,,0.000010020000,   0.62000,
,,,0.000010040000,   0.58000,
,,,0.000010060000,   0.58000,
,,,0.000010080000,   0.54000,
,,,0.000010100000,   0.48000,
,,,0.000010120000,   0.42000,
,,,0.000010140000,   0.36000,
,,,0.000010160000,   0.32000,
,,,0.000010180000,   0.26000,
,,,0.000010200000,   0.22000,
,,,0.000010220000,   0.18000,
,,,0.000010240000,   0.12000,
,,,0.000010260000,   0.10000,
,,,0.000010280000,   0.06000,
,,,0.000010300000,   0.04000,
,,,0.000010320000,   0.02000,
,,,0.000010340000,   0.02000,
,,,0.000010360000,   0.00000,
,,,0.000010380000,  -0.02000,
,,,0.000010400000,  -0.02000,
,,,0.000010420000,  -0.02000,
,,,0.000010440000,  -0.02000,
,,,0.000010460000,  -0.02000,
,,,0.000010480000,  -0.02000,
,,,0.000010500000,  -0.02000,
,,,0.000010520000,  -0.02000,
,,,0.000010540000,  -0.02000,
,,,0.000010560000,  -0.02000,
,,,0.000010580000,  -0.02000,
,,,0.000010600000,  -0.02000,
,,,0.000010620000,  -0.02000,
,,,0.000010640000,  -0.02000,
,,,0.000010660000,  -0.02000,
,,,0.000010680000,  -0.02000,
,,,0.000010700000,  -0.02000,
,,,0.000010720000,  -0.02000,
,,,0.000010740000,  -0.02000,
,,,0.000010760000,  -0.02000,
,,,0.000010780000,  -0.02000,
,,,0.000010800000,  -0.02000,
,,,0.000010820000,  -0.02000,
,,,0.000010840000,  -0.02000,
,,,0.000010860000,  -0.02000,
,,,0.000010880000,  -0.02000,
,,,0.000010900000,  -0.02000,
,,,0.000010920000,  -0.02000,
,,,0.000010940000,  -0.02000,
,,,0.000010960000,  -0.02000,
,,,0.000010980000,  -0.02000,
,,,0.000011000000,  -0.04000,
,,,0.000011020000,  -0.02000,
,,,0.000011040000,  -0.02000,
,,,0.000011060000,  -0.02000,
,,,0.000011080000,  -0.02000,
,,,0.000011100000,  -0.02000,
,,,0.000011120000,  -0.04000,
,,,0.000011140000,  -0.02000,
,,,0.000011160000,  -0.02000,
,,,0.000011180000,  -0.02000,
,,,0.000011200000,   0.00000,
,,,0.000011220000,  -0.02000,
,,,0.000011240000,  -0.02000,
,,,0.000011260000,  -0.02000,
,,,0.000011280000,  -0.02000,
,,,0.000011300000,  -0.02000,
,,,0.000011320000,  -0.02000,
,,,0.000011340000,   0.00000,
,,,0.000011360000,  -0.02000,
,,,0.000011380000,  -0.02000,
,,,0.000011400000,  -0.02000,
,,,0.000011420000,   0.00000,
,,,0.000011440000,  -0.02000,
,,,0.000011460000,  -0.02000,
,,,0.000011480000,   0.00000,
,,,0.000011500000,  -0.02000,
,,,0.000011520000,  -0.02000,
,,,0.000011540000,  -0.02000,
,,,0.000011560000,  -0.02000,
,,,0.000011580000,  -0.02000,
,,,0.000011600000,  -0.02000,
,,,0.000011620000,  -0.02000,
,,,0.000011640000,  -0.02000,
,,,0.000011660000,  -0.02000,
,,,0.000011680000,  -0.02000,
,,,0.000011700000,  -0.02000,
,,,0.000011720000,  -0.02000,
,,,0.000011740000,  -0.02000,
,,,0.000011760000,  -0.02000,
,,,0.000011780000,  -0.02000,
,,,0.000011800000,  -0.02000,
,,,0.000011820000,  -0.02000,
,,,0.000011840000,  -0.02000,
,,,0.000011860000,  -0.02000,
,,,0.000011880000,  -0.02000,
,,,0.000011900000,  -0.02000,
,,,0.000011920000,  -0.02000,
,,,0.000011940000,  -0.04000,
,,,0.000011960000,  -0.02000,
,,,0.000011980000,   0.00000,
,,,0.000012000000,  -0.02000,
,,,0.000012020000,  -0.02000,
,,,0.000012040000,  -0.02000,
,,,0.000012060000,  -0.02000,
,,,0.000012080000,  -0.02000,
,,,0.000012100000,  -0.02000,
,,,0.000012120000,  -0.02000,
,,,0.000012140000,  -0.02000,
,,,0.000012160000,  -0.02000,
,,,0.000012180000,  -0.02000,
,,,0.000012200000,  -0.02000,
,,,0.000012220000,  -0.02000,
,,,0.000012240000,  -0.02000,
,,,0.000012260000,  -0.02000,
,,,0.000012280000,  -0.02000,
,,,0.000012300000,  -0.02000,
,,,0.000012320000,  -0.02000,
,,,0.000012340000,  -0.02000,
,,,0.000012360000,  -0.02000,
,,,0.000012380000,  -0.02000,
,,,0.000012400000,  -0.02000,
,,,0.000012420000,  -0.02000,
,,,0.000012440000,  -0.02000,
,,,0.000012460000,  -0.02000,
,,,0.000012480000,  -0.02000,
,,,0.000012500000,  -0.02000,
,,,0.000012520000,  -0.02000,
,,,0.000012540000,  -0.02000,
,,,0.000012560000,  -0.02000,
,,,0.000012580000,  -0.02000,
,,,0.000012600000,  -0.02000,
,,,0.000012620000,  -0.02000,
,,,0.000012640000,  -0.02000,
,,,0.000012660000,  -0.02000,
,,,0.000012680000,  -0.02000,
,,,0.000012700000,  -0.02000,
,,,0.000012720000,  -0.02000,
,,,0.000012740000,  -0.02000,
,,,0.000012760000,  -0.02000,
,,,0.000012780000,  -0.02000,
,,,0.000012800000,  -0.02000,
,,,0.000012820000,  -0.02000,
,,,0.000012840000,  -0.02000,
,,,0.000012860000,  -0.02000,
,,,0.000012880000,  -0.02000,
,,,0.000012900000,  -0.02000,
,,,0.000012920000,  -0.02000,
,,,0.000012940000,  -0.02000,
,,,0.000012960000,  -0.04000,
,,,0.000012980000,  -0.02000,
,,,0.000013000000,  -0.02000,
,,,0.000013020000,  -0.02000,
,,,0.000013040000,  -0.02000,
,,,0.000013060000,  -0.02000,
,,,0.000013080000,  -0.02000,
,,,0.000013100000,  -0.02000,
,,,0.000013120000,  -0.04000,
,,,0.000013140000,  -0.02000,
,,,0.000013160000,  -0.02000,
,,,0.000013180000,  -0.02000,
,,,0.000013200000,  -0.02000,
,,,0.000013220000,  -0.02000,
,,,0.000013240000,  -0.02000,
,,,0.000013260000,  -0.02000,
,,,0.000013280000,  -0.04000,
,,,0.000013300000,  -0.02000,
,,,0.000013320000,  -0.02000,
,,,0.000013340000,  -0.02000,
,,,0.000013360000,  -0.02000,
,,,0.000013380000,  -0.02000,
,,,0.000013400000,  -0.02000,
,,,0.000013420000,  -0.02000,
,,,0.000013440000,  -0.02000,
,,,0.000013460000,  -0.02000,
,,,0.000013480000,  -0.02000,
,,,0.000013500000,  -0.02000,
,,,0.000013520000,  -0.02000,
,,,0.000013540000,  -0.02000,
,,,0.000013560000,  -0.02000,
,,,0.000013580000,  -0.04000,
,,,0.000013600000,  -0.02000,
,,,0.000013620000,  -0.02000,
,,,0.000013640000,  -0.04000,
,,,0.000013660000,  -0.02000,
,,,0.000013680000,  -0.02000,
,,,0.000013700000,  -0.02000,
,,,0.000013720000,  -0.04000,
,,,0.000013740000,  -0.04000,
,,,0.000013760000,  -0.02000,
,,,0.000013780000,  -0.04000,
,,,0.000013800000,  -0.04000,
,,,0.000013820000,  -0.02000,
,,,0.000013840000,  -0.02000,
,,,0.000013860000,  -0.02000,
,,,0.000013880000,  -0.02000,
,,,0.000013900000,  -0.02000,
,,,0.000013920000,  -0.02000,
,,,0.000013940000,  -0.02000,
,,,0.000013960000,  -0.02000,
,,,0.000013980000,  -0.02000,
,,,0.000014000000,  -0.02000,
,,,0.000014020000,  -0.02000,
,,,0.000014040000,  -0.04000,
,,,0.000014060000,  -0.02000,
,,,0.000014080000,  -0.02000,
,,,0.000014100000,  -0.02000,
,,,0.000014120000,  -0.02000,
,,,0.000014140000,  -0.02000,
,,,0.000014160000,  -0.02000,
,,,0.000014180000,  -0.02000,
,,,0.000014200000,  -0.02000,
,,,0.000014220000,  -0.04000,
,,,0.000014240000,  -0.02000,
,,,0.000014260000,  -0.02000,
,,,0.000014280000,  -0.04000,
,,,0.000014300000,  -0.04000,
,,,0.000014320000,  -0.02000,
,,,0.000014340000,  -0.02000,
,,,0.000014360000,  -0.02000,
,,,0.000014380000,  -0.04000,
,,,0.000014400000,  -0.04000,
,,,0.000014420000,  -0.02000,
,,,0.000014440000,  -0.02000,
,,,0.000014460000,  -0.02000,
,,,0.000014480000,  -0.02000,
,,,0.000014500000,  -0.02000,
,,,0.000014520000,  -0.02000,
,,,0.000014540000,  -0.02000,
,,,0.000014560000,  -0.04000,
,,,0.000014580000,  -0.02000,
,,,0.000014600000,  -0.02000,
,,,0.000014620000,  -0.04000,
,,,0.000014640000,  -0.04000,
,,,0.000014660000,  -0.02000,
,,,0.000014680000,  -0.02000,
,,,0.000014700000,  -0.02000,
,,,0.000014720000,  -0.02000,
,,,0.000014740000,  -0.02000,
,,,0.000014760000,  -0.02000,
,,,0.000014780000,  -0.04000,
,,,0.000014800000,  -0.02000,
,,,0.000014820000,  -0.04000,
,,,0.000014840000,  -0.02000,
,,,0.000014860000,  -0.04000,
,,,0.000014880000,  -0.02000,
,,,0.000014900000,  -0.02000,
,,,0.000014920000,  -0.02000,
,,,0.000014940000,  -0.02000,
,,,0.000014960000,  -0.04000,
,,,0.000014980000,  -0.02000,
,,,0.000015000000,  -0.02000,
,,,0.000015020000,  -0.02000,
,,,0.000015040000,  -0.04000,
,,,0.000015060000,  -0.02000,
,,,0.000015080000,  -0.02000,
,,,0.000015100000,  -0.02000,
,,,0.000015120000,  -0.04000,
,,,0.000015140000,  -0.02000,
,,,0.000015160000,  -0.02000,
,,,0.000015180000,  -0.02000,
,,,0.000015200000,  -0.02000,
,,,0.000015220000,  -0.02000,
,,,0.000015240000,  -0.02000,
,,,0.000015260000,  -0.02000,
,,,0.000015280000,  -0.02000,
,,,0.000015300000,  -0.02000,
,,,0.000015320000,  -0.02000,
,,,0.000015340000,  -0.04000,
,,,0.000015360000,  -0.04000,
,,,0.000015380000,  -0.02000,
,,,0.000015400000,  -0.02000,
,,,0.000015420000,  -0.02000,
,,,0.000015440000,  -0.02000,
,,,0.000015460000,  -0.04000,
,,,0.000015480000,  -0.02000,
,,,0.000015500000,  -0.02000,
,,,0.000015520000,  -0.02000,
,,,0.000015540000,  -0.02000,
,,,0.000015560000,  -0.02000,
,,,0.000015580000,  -0.02000,
,,,0.000015600000,  -0.04000,
,,,0.000015620000,  -0.04000,
,,,0.000015640000,  -0.02000,
,,,0.000015660000,  -0.04000,
,,,0.000015680000,  -0.02000,
,,,0.000015700000,  -0.04000,
,,,0.000015720000,  -0.04000,
,,,0.000015740000,  -0.04000,
,,,0.000015760000,  -0.02000,
,,,0.000015780000,  -0.02000,
,,,0.000015800000,  -0.02000,
,,,0.000015820000,  -0.02000,
,,,0.000015840000,  -0.02000,
,,,0.000015860000,  -0.04000,
,,,0.000015880000,  -0.02000,
,,,0.000015900000,  -0.02000,
,,,0.000015920000,  -0.02000,
,,,0.000015940000,  -0.04000,
,,,0.000015960000,  -0.02000,
,,,0.000015980000,  -0.02000,
,,,0.000016000000,  -0.02000,
,,,0.000016020000,  -0.02000,
,,,0.000016040000,  -0.02000,
,,,0.000016060000,  -0.02000,
,,,0.000016080000,  -0.02000,
,,,0.000016100000,  -0.04000,
,,,0.000016120000,  -0.02000,
,,,0.000016140000,  -0.04000,
,,,0.000016160000,  -0.02000,
,,,0.000016180000,  -0.02000,
,,,0.000016200000,  -0.02000,
,,,0.000016220000,  -0.02000,
,,,0.000016240000,  -0.02000,
,,,0.000016260000,  -0.02000,
,,,0.000016280000,  -0.02000,
,,,0.000016300000,  -0.02000,
,,,0.000016320000,  -0.02000,
,,,0.000016340000,  -0.02000,
,,,0.000016360000,  -0.02000,
,,,0.000016380000,  -0.02000,
,,,0.000016400000,  -0.02000,
,,,0.000016420000,  -0.02000,
,,,0.000016440000,  -0.02000,
,,,0.000016460000,  -0.02000,
,,,0.000016480000,  -0.04000,
,,,0.000016500000,  -0.02000,
,,,0.000016520000,  -0.02000,
,,,0.000016540000,  -0.02000,
,,,0.000016560000,  -0.04000,
,,,0.000016580000,  -0.02000,
,,,0.000016600000,  -0.04000,
,,,0.000016620000,  -0.02000,
,,,0.000016640000,  -0.02000,
,,,0.000016660000,  -0.04000,
,,,0.000016680000,  -0.04000,
,,,0.000016700000,  -0.02000,
,,,0.000016720000,  -0.02000,
,,,0.000016740000,  -0.02000,
,,,0.000016760000,  -0.02000,
,,,0.000016780000,   0.00000,
,,,0.000016800000,   0.02000,
,,,0.000016820000,   0.04000,
,,,0.000016840000,  -0.02000,
,,,0.000016860000,  -0.04000,
,,,0.000016880000,  -0.02000,
,,,0.000016900000,   0.38000,
,,,0.000016920000,   0.44000,
,,,0.000016940000,   0.86000,
,,,0.000016960000,   0.54000,
,,,0.000016980000,   0.56000,
,,,0.000017000000,   0.54000,
,,,0.000017020000,   1.12000,
,,,0.000017040000,   2.54000,
,,,0.000017060000,   2.32000,
,,,0.000017080000,   1.88000,
,,,0.000017100000,   1.90000,
,,,0.000017120000,   1.72000,
,,,0.000017140000,   1.74000,
,,,0.000017160000,   1.76000,
,,,0.000017180000,   1.90000,
,,,0.000017200000,   1.72000,
,,,0.000017220000,   1.74000,
,,,0.000017240000,   1.72000,
,,,0.000017260000,   1.70000,
,,,0.000017280000,   1.64000,
,,,0.000017300000,   1.50000,
,,,0.000017320000,   1.42000,
,,,0.000017340000,   1.30000,
,,,0.000017360000,   1.24000,
,,,0.000017380000,   1.20000,
,,,0.000017400000,   1.20000,
,,,0.000017420000,   1.12000,
,,,0.000017440000,   1.10000,
,,,0.000017460000,   1.08000,
,,,0.000017480000,   1.06000,
,,,0.000017500000,   1.00000,
,,,0.000017520000,   0.92000,
,,,0.000017540000,   0.84000,
,,,0.000017560000,   0.74000,
,,,0.000017580000,   0.68000,
,,,0.000017600000,   0.62000,
,,,0.000017620000,   0.58000,
,,,0.000017640000,   0.56000,
,,,0.000017660000,   0.50000,
,,,0.000017680000,   0.46000,
,,,0.000017700000,   0.42000,
,,,0.000017720000,   0.38000,
,,,0.000017740000,   0.32000,
,,,0.000017760000,   0.26000,
,,,0.000017780000,   0.20000,
,,,0.000017800000,   0.18000,
,,,0.000017820000,   0.12000,
,,,0.000017840000,   0.08000,
,,,0.000017860000,   0.04000,
,,,0.000017880000,   0.02000,
,,,0.000017900000,   0.02000,
,,,0.000017920000,   0.00000,
,,,0.000017940000,  -0.02000,
,,,0.000017960000,  -0.02000,
,,,0.000017980000,  -0.02000,
,,,0.000018000000,  -0.02000,
,,,0.000018020000,  -0.02000,
,,,0.000018040000,   0.00000,
,,,0.000018060000,   0.00000,
,,,0.000018080000,   0.04000,
,,,0.000018100000,   0.00000,
,,,0.000018120000,  -0.04000,
,,,0.000018140000,  -0.04000,
,,,0.000018160000,  -0.04000,
,,,0.000018180000,  -0.02000,
,,,0.000018200000,  -0.02000,
,,,0.000018220000,  -0.02000,
,,,0.000018240000,  -0.02000,
,,,0.000018260000,  -0.02000,
,,,0.000018280000,   0.00000,
,,,0.000018300000,   0.02000,
,,,0.000018320000,   0.00000,
,,,0.000018340000,  -0.04000,
,,,0.000018360000,  -0.04000,
,,,0.000018380000,  -0.04000,
,,,0.000018400000,  -0.02000,
,,,0.000018420000,  -0.02000,
,,,0.000018440000,  -0.04000,
,,,0.000018460000,  -0.02000,
,,,0.000018480000,  -0.02000,
,,,0.000018500000,   0.00000,
,,,0.000018520000,  -0.02000,
,,,0.000018540000,  -0.04000,
,,,0.000018560000,  -0.04000,
,,,0.000018580000,  -0.04000,
,,,0.000018600000,  -0.04000,
,,,0.000018620000,  -0.04000,
,,,0.000018640000,  -0.04000,
,,,0.000018660000,  -0.02000,
,,,0.000018680000,  -0.02000,
,,,0.000018700000,  -0.02000,
,,,0.000018720000,  -0.04000,
,,,0.000018740000,  -0.02000,
,,,0.000018760000,  -0.02000,
,,,0.000018780000,  -0.02000,
,,,0.000018800000,  -0.04000,
,,,0.000018820000,  -0.04000,
,,,0.000018840000,  -0.02000,
,,,0.000018860000,  -0.04000,
,,,0.000018880000,  -0.02000,
,,,0.000018900000,  -0.02000,
,,,0.000018920000,  -0.04000,
,,,0.000018940000,  -0.02000,
,,,0.000018960000,  -0.04000,
,,,0.000018980000,  -0.04000,
,,,0.000019000000,  -0.04000,
,,,0.000019020000,  -0.02000,
,,,0.000019040000,  -0.04000,
,,,0.000019060000,  -0.02000,
,,,0.000019080000,  -0.02000,
,,,0.000019100000,  -0.02000,
,,,0.000019120000,  -0.02000,
,,,0.000019140000,  -0.02000,
,,,0.000019160000,  -0.02000,
,,,0.000019180000,  -0.04000,
,,,0.000019200000,  -0.04000,
,,,0.000019220000,  -0.02000,
,,,0.000019240000,  -0.02000,
,,,0.000019260000,  -0.02000,
,,,0.000019280000,  -0.02000,
,,,0.000019300000,  -0.02000,
,,,0.000019320000,  -0.02000,
,,,0.000019340000,  -0.02000,
,,,0.000019360000,  -0.02000,
,,,0.000019380000,  -0.04000,
,,,0.000019400000,  -0.02000,
,,,0.000019420000,  -0.04000,
,,,0.000019440000,  -0.02000,
,,,0.000019460000,  -0.02000,
,,,0.000019480000,  -0.02000,
,,,0.000019500000,  -0.02000,
,,,0.000019520000,  -0.02000,
,,,0.000019540000,  -0.02000,
,,,0.000019560000,  -0.04000,
,,,0.000019580000,  -0.04000,
,,,0.000019600000,  -0.04000,
,,,0.000019620000,  -0.02000,
,,,0.000019640000,  -0.04000,
,,,0.000019660000,  -0.02000,
,,,0.000019680000,  -0.04000,
,,,0.000019700000,  -0.04000,
,,,0.000019720000,  -0.02000,
,,,0.000019740000,  -0.04000,
,,,0.000019760000,  -0.04000,
,,,0.000019780000,  -0.02000,
,,,0.000019800000,  -0.02000,
,,,0.000019820000,  -0.02000,
,,,0.000019840000,  -0.04000,
,,,0.000019860000,  -0.04000,
,,,0.000019880000,  -0.02000,
,,,0.000019900000,  -0.02000,
,,,0.000019920000,  -0.02000,
,,,0.000019940000,  -0.04000,
,,,0.000019960000,  -0.04000,
,,,0.000019980000,  -0.02000,
,,,0.000020000000,  -0.02000,
,,,0.000020020000,  -0.02000,
,,,0.000020040000,  -0.04000,
,,,0.000020060000,  -0.02000,
,,,0.000020080000,  -0.04000,
,,,0.000020100000,  -0.04000,
,,,0.000020120000,  -0.02000,
,,,0.000020140000,  -0.02000,
,,,0.000020160000,  -0.02000,
,,,0.000020180000,  -0.04000,
,,,0.000020200000,  -0.04000,
,,,0.000020220000,  -0.02000,
,,,0.000020240000,  -0.04000,
,,,0.000020260000,  -0.02000,
,,,0.000020280000,  -0.04000,
,,,0.000020300000,  -0.02000,
,,,0.000020320000,  -0.04000,
,,,0.000020340000,  -0.02000,
,,,0.000020360000,  -0.04000,
,,,0.000020380000,  -0.02000,
,,,0.000020400000,  -0.04000,
,,,0.000020420000,  -0.04000,
,,,0.000020440000,  -0.04000,
,,,0.000020460000,  -0.02000,
,,,0.000020480000,  -0.02000,
,,,0.000020500000,  -0.02000,
,,,0.000020520000,  -0.04000,
,,,0.000020540000,  -0.02000,
,,,0.000020560000,  -0.02000,
,,,0.000020580000,  -0.02000,
,,,0.000020600000,  -0.04000,
,,,0.000020620000,  -0.04000,
,,,0.000020640000,  -0.02000,
,,,0.000020660000,  -0.02000,
,,,0.000020680000,  -0.02000,
,,,0.000020700000,  -0.04000,
,,,0.000020720000,  -0.04000,
,,,0.000020740000,  -0.04000,
,,,0.000020760000,  -0.02000,
,,,0.000020780000,  -0.04000,
,,,0.000020800000,  -0.02000,
,,,0.000020820000,  -0.02000,
,,,0.000020840000,  -0.04000,
,,,0.000020860000,  -0.04000,
,,,0.000020880000,  -0.06000,
,,,0.000020900000,  -0.04000,
,,,0.000020920000,  -0.04000,
,,,0.000020940000,  -0.02000,
,,,0.000020960000,  -0.02000,
,,,0.000020980000,  -0.04000,
,,,0.000021000000,  -0.02000,
,,,0.000021020000,  -0.04000,
,,,0.000021040000,  -0.04000,
,,,0.000021060000,  -0.04000,
,,,0.000021080000,  -0.02000,
,,,0.000021100000,  -0.04000,
,,,0.000021120000,  -0.02000,
,,,0.000021140000,  -0.04000,
,,,0.000021160000,  -0.04000,
,,,0.000021180000,  -0.04000,
,,,0.000021200000,  -0.04000,
,,,0.000021220000,  -0.04000,
,,,0.000021240000,  -0.02000,
,,,0.000021260000,  -0.02000,
,,,0.000021280000,  -0.04000,
,,,0.000021300000,  -0.02000,
,,,0.000021320000,  -0.02000,
,,,0.000021340000,  -0.04000,
,,,0.000021360000,  -0.04000,
,,,0.000021380000,  -0.02000,
,,,0.000021400000,  -0.04000,
,,,0.000021420000,  -0.02000,
,,,0.000021440000,  -0.04000,
,,,0.000021460000,  -0.04000,
,,,0.000021480000,  -0.04000,
,,,0.000021500000,  -0.04000,
,,,0.000021520000,  -0.02000,
,,,0.000021540000,  -0.04000,
,,,0.000021560000,  -0.04000,
,,,0.000021580000,  -0.04000,
,,,0.000021600000,  -0.02000,
,,,0.000021620000,  -0.02000,
,,,0.000021640000,  -0.04000,
,,,0.000021660000,  -0.04000,
,,,0.000021680000,  -0.02000,
,,,0.000021700000,  -0.04000,
,,,0.000021720000,  -0.02000,
,,,0.000021740000,  -0.04000,
,,,0.000021760000,  -0.04000,
,,,0.000021780000,  -0.02000,
,,,0.000021800000,  -0.04000,
,,,0.000021820000,  -0.04000,
,,,0.000021840000,  -0.04000,
,,,0.000021860000,  -0.04000,
,,,0.000021880000,  -0.04000,
,,,0.000021900000,  -0.02000,
,,,0.000021920000,  -0.04000,
,,,0.000021940000,  -0.02000,
,,,0.000021960000,  -0.04000,
,,,0.000021980000,  -0.02000,
,,,0.000022000000,  -0.02000,
,,,0.000022020000,  -0.04000,
,,,0.000022040000,  -0.02000,
,,,0.000022060000,  -0.02000,
,,,0.000022080000,  -0.02000,
,,,0.000022100000,  -0.02000,
,,,0.000022120000,  -0.04000,
,,,0.000022140000,  -0.04000,
,,,0.000022160000,  -0.02000,
,,,0.000022180000,  -0.04000,
,,,0.000022200000,  -0.04000,
,,,0.000022220000,  -0.04000,
,,,0.000022240000,  -0.02000,
,,,0.000022260000,  -0.02000,
,,,0.000022280000,  -0.04000,
,,,0.000022300000,  -0.04000,
,,,0.000022320000,  -0.04000,
,,,0.000022340000,  -0.04000,
,,,0.000022360000,  -0.04000,
,,,0.000022380000,  -0.04000,
,,,0.000022400000,  -0.04000,
,,,0.000022420000,  -0.04000,
,,,0.000022440000,  -0.04000,
,,,0.000022460000,  -0.04000,
,,,0.000022480000,  -0.04000,
,,,0.000022500000,  -0.04000,
,,,0.000022520000,  -0.04000,
,,,0.000022540000,  -0.04000,
,,,0.000022560000,  -0.02000,
,,,0.000022580000,  -0.04000,
,,,0.000022600000,  -0.04000,
,,,0.000022620000,  -0.02000,
,,,0.000022640000,  -0.04000,
,,,0.000022660000,  -0.02000,
,,,0.000022680000,  -0.06000,
,,,0.000022700000,  -0.04000,
,,,0.000022720000,  -0.04000,
,,,0.000022740000,  -0.04000,
,,,0.000022760000,  -0.02000,
,,,0.000022780000,  -0.04000,
,,,0.000022800000,  -0.04000,
,,,0.000022820000,  -0.04000,
,,,0.000022840000,  -0.04000,
,,,0.000022860000,  -0.04000,
,,,0.000022880000,  -0.04000,
,,,0.000022900000,  -0.04000,
,,,0.000022920000,  -0.04000,
,,,0.000022940000,  -0.04000,
,,,0.000022960000,  -0.04000,
,,,0.000022980000,  -0.04000,
,,,0.000023000000,  -0.02000,
,,,0.000023020000,  -0.04000,
,,,0.000023040000,  -0.04000,
,,,0.000023060000,  -0.04000,
,,,0.000023080000,  -0.04000,
,,,0.000023100000,  -0.02000,
,,,0.000023120000,  -0.02000,
,,,0.000023140000,  -0.04000,
,,,0.000023160000,  -0.02000,
,,,0.000023180000,  -0.04000,
,,,0.000023200000,  -0.04000,
,,,0.000023220000,  -0.04000,
,,,0.000023240000,  -0.04000,
,,,0.000023260000,  -0.04000,
,,,0.000023280000,  -0.04000,
,,,0.000023300000,  -0.02000,
,,,0.000023320000,  -0.02000,
,,,0.000023340000,  -0.04000,
,,,0.000023360000,  -0.04000,
,,,0.000023380000,  -0.02000,
,,,0.000023400000,  -0.02000,
,,,0.000023420000,  -0.04000,
,,,0.000023440000,  -0.04000,
,,,0.000023460000,  -0.02000,
,,,0.000023480000,  -0.04000,
,,,0.000023500000,  -0.04000,
,,,0.000023520000,  -0.04000,
,,,0.000023540000,  -0.04000,
,,,0.000023560000,  -0.04000,
,,,0.000023580000,  -0.02000,
,,,0.000023600000,  -0.04000,
,,,0.000023620000,  -0.04000,
,,,0.000023640000,  -0.04000,
,,,0.000023660000,  -0.04000,
,,,0.000023680000,  -0.04000,
,,,0.000023700000,  -0.04000,
,,,0.000023720000,  -0.04000,
,,,0.000023740000,  -0.04000,
,,,0.000023760000,  -0.04000,
,,,0.000023780000,  -0.04000,
,,,0.000023800000,  -0.04000,
,,,0.000023820000,  -0.04000,
,,,0.000023840000,  -0.04000,
,,,0.000023860000,  -0.04000,
,,,0.000023880000,  -0.02000,
,,,0.000023900000,  -0.04000,
,,,0.000023920000,  -0.02000,
,,,0.000023940000,  -0.04000,
,,,0.000023960000,  -0.04000,
,,,0.000023980000,  -0.04000,
,,,0.000024000000,  -0.04000,
,,,0.000024020000,  -0.04000,
,,,0.000024040000,  -0.02000,
,,,0.000024060000,  -0.04000,
,,,0.000024080000,  -0.04000,
,,,0.000024100000,  -0.02000,
,,,0.000024120000,  -0.04000,
,,,0.000024140000,  -0.04000,
,,,0.000024160000,  -0.02000,
,,,0.000024180000,  -0.02000,
,,,0.000024200000,  -0.04000,
,,,0.000024220000,  -0.04000,
,,,0.000024240000,  -0.04000,
,,,0.000024260000,  -0.04000,
,,,0.000024280000,  -0.04000,
,,,0.000024300000,  -0.04000,
,,,0.000024320000,  -0.04000,
,,,0.000024340000,  -0.04000,
,,,0.000024360000,  -0.02000,
,,,0.000024380000,  -0.04000,
,,,0.000024400000,  -0.04000,
,,,0.000024420000,  -0.02000,
,,,0.000024440000,  -0.04000,
,,,0.000024460000,  -0.02000,
,,,0.000024480000,  -0.04000,
,,,0.000024500000,  -0.04000,
,,,0.000024520000,  -0.04000,
,,,0.000024540000,  -0.02000,
,,,0.000024560000,  -0.02000,
,,,0.000024580000,  -0.04000,
,,,0.000024600000,  -0.02000,
,,,0.000024620000,  -0.04000,
,,,0.000024640000,  -0.04000,
,,,0.000024660000,  -0.04000,
,,,0.000024680000,  -0.04000,
,,,0.000024700000,  -0.04000,
,,,0.000024720000,  -0.04000,
,,,0.000024740000,  -0.02000,
,,,0.000024760000,  -0.04000,
,,,0.000024780000,  -0.02000,
,,,0.000024800000,  -0.04000,
,,,0.000024820000,  -0.04000,
,,,0.000024840000,  -0.04000,
,,,0.000024860000,  -0.04000,
,,,0.000024880000,  -0.02000,
,,,0.000024900000,  -0.02000,
,,,0.000024920000,  -0.04000,
,,,0.000024940000,  -0.04000,
,,,0.000024960000,  -0.04000,
,,,0.000024980000,  -0.04000,
,,,0.000025000000,  -0.04000,
,,,0.000025020000,  -0.06000,
,,,0.000025040000,  -0.04000,
,,,0.000025060000,  -0.02000,
,,,0.000025080000,  -0.04000,
,,,0.000025100000,  -0.04000,
,,,0.000025120000,  -0.04000,
,,,0.000025140000,  -0.04000,
,,,0.000025160000,  -0.02000,
,,,0.000025180000,  -0.04000,
,,,0.000025200000,  -0.02000,
,,,0.000025220000,  -0.02000,
,,,0.000025240000,  -0.04000,
,,,0.000025260000,  -0.04000,
,,,0.000025280000,  -0.04000,
,,,0.000025300000,  -0.04000,
,,,0.000025320000,  -0.04000,
,,,0.000025340000,  -0.02000,
,,,0.000025360000,  -0.04000,
,,,0.000025380000,  -0.02000,
,,,0.000025400000,  -0.02000,
,,,0.000025420000,  -0.04000,
,,,0.000025440000,  -0.02000,
,,,0.000025460000,  -0.04000,
,,,0.000025480000,  -0.02000,
,,,0.000025500000,  -0.04000,
,,,0.000025520000,  -0.04000,
,,,0.000025540000,  -0.04000,
,,,0.000025560000,  -0.04000,
,,,0.000025580000,  -0.04000,
,,,0.000025600000,  -0.04000,
,,,0.000025620000,  -0.04000,
,,,0.000025640000,  -0.02000,
,,,0.000025660000,  -0.04000,
,,,0.000025680000,  -0.02000,
,,,0.000025700000,  -0.04000,
,,,0.000025720000,  -0.04000,
,,,0.000025740000,  -0.04000,
,,,0.000025760000,  -0.04000,
,,,0.000025780000,  -0.04000,
,,,0.000025800000,  -0.04000,
,,,0.000025820000,  -0.02000,
,,,0.000025840000,  -0.04000,
,,,0.000025860000,  -0.04000,
,,,0.000025880000,  -0.04000,
,,,0.000025900000,  -0.02000,
,,,0.000025920000,  -0.02000,
,,,0.000025940000,  -0.02000,
,,,0.000025960000,  -0.04000,
,,,0.000025980000,  -0.04000,
,,,0.000026000000,  -0.04000,
,,,0.000026020000,  -0.04000,
,,,0.000026040000,  -0.04000,
,,,0.000026060000,  -0.04000,
,,,0.000026080000,  -0.04000,
,,,0.000026100000,  -0.04000,
,,,0.000026120000,  -0.04000,
,,,0.000026140000,  -0.04000,
,,,0.000026160000,  -0.04000,
,,,0.000026180000,  -0.04000,
,,,0.000026200000,  -0.04000,
,,,0.000026220000,  -0.04000,
,,,0.000026240000,  -0.04000,
,,,0.000026260000,  -0.04000,
,,,0.000026280000,  -0.04000,
,,,0.000026300000,  -0.02000,
,,,0.000026320000,  -0.04000,
,,,0.000026340000,  -0.04000,
,,,0.000026360000,  -0.04000,
,,,0.000026380000,  -0.04000,
,,,0.000026400000,  -0.02000,
,,,0.000026420000,  -0.02000,
,,,0.000026440000,  -0.04000,
,,,0.000026460000,  -0.04000,
,,,0.000026480000,  -0.04000,
,,,0.000026500000,  -0.02000,
,,,0.000026520000,  -0.04000,
,,,0.000026540000,  -0.02000,
,,,0.000026560000,  -0.04000,
,,,0.000026580000,  -0.02000,
,,,0.000026600000,  -0.04000,
,,,0.000026620000,  -0.04000,
,,,0.000026640000,  -0.04000,
,,,0.000026660000,  -0.04000,
,,,0.000026680000,  -0.04000,
,,,0.000026700000,  -0.02000,
,,,0.000026720000,  -0.04000,
,,,0.000026740000,  -0.04000,
,,,0.000026760000,  -0.02000,
,,,0.000026780000,  -0.04000,
,,,0.000026800000,  -0.04000,
,,,0.000026820000,  -0.04000,
,,,0.000026840000,  -0.04000,
,,,0.000026860000,  -0.04000,
,,,0.000026880000,  -0.04000,
,,,0.000026900000,  -0.04000,
,,,0.000026920000,  -0.04000,
,,,0.000026940000,  -0.04000,
,,,0.000026960000,  -0.02000,
,,,0.000026980000,  -0.04000,
,,,0.000027000000,  -0.04000,
,,,0.000027020000,  -0.04000,
,,,0.000027040000,  -0.02000,
,,,0.000027060000,  -0.02000,
,,,0.000027080000,  -0.02000,
,,,0.000027100000,  -0.04000,
,,,0.000027120000,  -0.02000,
,,,0.000027140000,  -0.04000,
,,,0.000027160000,  -0.02000,
,,,0.000027180000,  -0.04000,
,,,0.000027200000,  -0.02000,
,,,0.000027220000,  -0.04000,
,,,0.000027240000,  -0.02000,
,,,0.000027260000,  -0.02000,
,,,0.000027280000,  -0.04000,
,,,0.000027300000,  -0.04000,
,,,0.000027320000,  -0.04000,
,,,0.000027340000,  -0.04000,
,,,0.000027360000,  -0.02000,
,,,0.000027380000,  -0.04000,
,,,0.000027400000,  -0.04000,
,,,0.000027420000,  -0.04000,
,,,0.000027440000,  -0.02000,
,,,0.000027460000,  -0.02000,
,,,0.000027480000,  -0.04000,
,,,0.000027500000,  -0.04000,
,,,0.000027520000,  -0.02000,
,,,0.000027540000,  -0.04000,
,,,0.000027560000,  -0.04000,
,,,0.000027580000,  -0.04000,
,,,0.000027600000,  -0.04000,
,,,0.000027620000,  -0.04000,
,,,0.000027640000,  -0.02000,
,,,0.000027660000,  -0.04000,
,,,0.000027680000,  -0.04000,
,,,0.000027700000,  -0.04000,
,,,0.000027720000,  -0.04000,
,,,0.000027740000,  -0.02000,
,,,0.000027760000,  -0.04000,
,,,0.000027780000,  -0.04000,
,,,0.000027800000,  -0.04000,
,,,0.000027820000,  -0.04000,
,,,0.000027840000,  -0.04000,
,,,0.000027860000,  -0.04000,
,,,0.000027880000,  -0.04000,
,,,0.000027900000,  -0.04000,
,,,0.000027920000,  -0.04000,
,,,0.000027940000,  -0.02000,
,,,0.000027960000,  -0.04000,
,,,0.000027980000,  -0.02000,
,,,0.000028000000,  -0.04000,
,,,0.000028020000,  -0.02000,
,,,0.000028040000,  -0.04000,
,,,0.000028060000,  -0.04000,
,,,0.000028080000,  -0.04000,
,,,0.000028100000,  -0.04000,
,,,0.000028120000,  -0.02000,
,,,0.000028140000,  -0.02000,
,,,0.000028160000,  -0.02000,
,,,0.000028180000,  -0.04000,
,,,0.000028200000,  -0.04000,
,,,0.000028220000,  -0.04000,
,,,0.000028240000,  -0.02000,
,,,0.000028260000,  -0.04000,
,,,0.000028280000,  -0.04000,
,,,0.000028300000,  -0.02000,
,,,0.000028320000,  -0.02000,
,,,0.000028340000,  -0.04000,
,,,0.000028360000,  -0.04000,
,,,0.000028380000,  -0.02000,
,,,0.000028400000,  -0.04000,
,,,0.000028420000,  -0.02000,
,,,0.000028440000,  -0.04000,
,,,0.000028460000,  -0.02000,
,,,0.000028480000,  -0.04000,
,,,0.000028500000,  -0.04000,
,,,0.000028520000,  -0.04000,
,,,0.000028540000,  -0.04000,
,,,0.000028560000,  -0.02000,
,,,0.000028580000,  -0.04000,
,,,0.000028600000,  -0.04000,
,,,0.000028620000,  -0.04000,
,,,0.000028640000,  -0.04000,
,,,0.000028660000,  -0.04000,
,,,0.000028680000,  -0.02000,
,,,0.000028700000,  -0.04000,
,,,0.000028720000,  -0.04000,
,,,0.000028740000,  -0.02000,
,,,0.000028760000,  -0.04000,
,,,0.000028780000,  -0.04000,
,,,0.000028800000,  -0.04000,
,,,0.000028820000,  -0.04000,
,,,0.000028840000,  -0.02000,
,,,0.000028860000,  -0.02000,
,,,0.000028880000,  -0.02000,
,,,0.000028900000,  -0.04000,
,,,0.000028920000,  -0.04000,
,,,0.000028940000,  -0.02000,
,,,0.000028960000,  -0.04000,
,,,0.000028980000,  -0.04000,
,,,0.000029000000,  -0.02000,
,,,0.000029020000,  -0.04000,
,,,0.000029040000,  -0.02000,
,,,0.000029060000,  -0.04000,
,,,0.000029080000,  -0.04000,
,,,0.000029100000,  -0.04000,
,,,0.000029120000,  -0.04000,
,,,0.000029140000,  -0.04000,
,,,0.000029160000,  -0.04000,
,,,0.000029180000,  -0.02000,
,,,0.000029200000,  -0.04000,
,,,0.000029220000,  -0.02000,
,,,0.000029240000,  -0.02000,
,,,0.000029260000,  -0.04000,
,,,0.000029280000,  -0.04000,
,,,0.000029300000,  -0.02000,
,,,0.000029320000,  -0.04000,
,,,0.000029340000,  -0.04000,
,,,0.000029360000,  -0.04000,
,,,0.000029380000,  -0.04000,
,,,0.000029400000,  -0.02000,
,,,0.000029420000,  -0.04000,
,,,0.000029440000,  -0.02000,
,,,0.000029460000,  -0.04000,
,,,0.000029480000,  -0.04000,
,,,0.000029500000,  -0.04000,
,,,0.000029520000,  -0.04000,
,,,0.000029540000,  -0.02000,
,,,0.000029560000,  -0.02000,
,,,0.000029580000,  -0.04000,
,,,0.000029600000,  -0.04000,
,,,0.000029620000,  -0.02000,
,,,0.000029640000,  -0.04000,
,,,0.000029660000,  -0.04000,
,,,0.000029680000,  -0.04000,
,,,0.000029700000,  -0.04000,
,,,0.000029720000,  -0.04000,
,,,0.000029740000,  -0.02000,
,,,0.000029760000,  -0.04000,
,,,0.000029780000,  -0.04000,
,,,0.000029800000,  -0.04000,
,,,0.000029820000,  -0.04000,
,,,0.000029840000,  -0.04000,
,,,0.000029860000,  -0.04000,
,,,0.000029880000,  -0.04000,
,,,0.000029900000,  -0.04000,
,,,0.000029920000,  -0.02000,
,,,0.000029940000,  -0.04000,
,,,0.000029960000,  -0.04000,
,,,0.000029980000,  -0.02000,
,,,0.000030000000,  -0.02000,
,,,0.000030020000,  -0.04000,
,,,0.000030040000,  -0.04000,
,,,0.000030060000,  -0.04000,
,,,0.000030080000,  -0.04000,
,,,0.000030100000,  -0.04000,
,,,0.000030120000,  -0.04000,
,,,0.000030140000,  -0.04000,
,,,0.000030160000,  -0.02000,
,,,0.000030180000,  -0.04000,
,,,0.000030200000,  -0.02000,
,,,0.000030220000,  -0.04000,
,,,0.000030240000,  -0.04000,
,,,0.000030260000,  -0.04000,
,,,0.000030280000,  -0.04000,
,,,0.000030300000,  -0.04000,
,,,0.000030320000,  -0.04000,
,,,0.000030340000,  -0.04000,
,,,0.000030360000,  -0.02000,
,,,0.000030380000,  -0.04000,
,,,0.000030400000,  -0.04000,
,,,0.000030420000,  -0.04000,
,,,0.000030440000,  -0.04000,
,,,0.000030460000,  -0.04000,
,,,0.000030480000,  -0.04000,
,,,0.000030500000,  -0.02000,
,,,0.000030520000,  -0.04000,
,,,0.000030540000,  -0.04000,
,,,0.000030560000,  -0.06000,
,,,0.000030580000,  -0.02000,
,,,0.000030600000,  -0.04000,
,,,0.000030620000,  -0.04000,
,,,0.000030640000,  -0.02000,
,,,0.000030660000,  -0.04000,
,,,0.000030680000,  -0.04000,
,,,0.000030700000,  -0.04000,
,,,0.000030720000,  -0.04000,
,,,0.000030740000,  -0.04000,
,,,0.000030760000,  -0.04000,
,,,0.000030780000,  -0.04000,
,,,0.000030800000,  -0.04000,
,,,0.000030820000,  -0.04000,
,,,0.000030840000,  -0.04000,
,,,0.000030860000,  -0.04000,
,,,0.000030880000,  -0.04000,
,,,0.000030900000,  -0.04000,
,,,0.000030920000,  -0.04000,
,,,0.000030940000,  -0.04000,
,,,0.000030960000,  -0.04000,
,,,0.000030980000,  -0.04000,
,,,0.000031000000,  -0.04000,
,,,0.000031020000,  -0.04000,
,,,0.000031040000,  -0.04000,
,,,0.000031060000,  -0.04000,
,,,0.000031080000,  -0.04000,
,,,0.000031100000,  -0.04000,
,,,0.000031120000,  -0.04000,
,,,0.000031140000,  -0.02000,
,,,0.000031160000,  -0.04000,
,,,0.000031180000,  -0.04000,
,,,0.000031200000,  -0.04000,
,,,0.000031220000,  -0.02000,
,,,0.000031240000,  -0.02000,
,,,0.000031260000,  -0.04000,
,,,0.000031280000,  -0.02000,
,,,0.000031300000,  -0.04000,
,,,0.000031320000,  -0.02000,
,,,0.000031340000,  -0.04000,
,,,0.000031360000,  -0.04000,
,,,0.000031380000,  -0.04000,
,,,0.000031400000,  -0.04000,
,,,0.000031420000,  -0.02000,
,,,0.000031440000,  -0.04000,
,,,0.000031460000,  -0.04000,
,,,0.000031480000,  -0.04000,
,,,0.000031500000,  -0.04000,
,,,0.000031520000,  -0.04000,
,,,0.000031540000,  -0.06000,
,,,0.000031560000,  -0.04000,
,,,0.000031580000,  -0.04000,
,,,0.000031600000,  -0.04000,
,,,0.000031620000,  -0.04000,
,,,0.000031640000,  -0.06000,
,,,0.000031660000,  -0.04000,
,,,0.000031680000,  -0.04000,
,,,0.000031700000,  -0.04000,
,,,0.000031720000,  -0.04000,
,,,0.000031740000,  -0.04000,
,,,0.000031760000,  -0.04000,
,,,0.000031780000,  -0.04000,
,,,0.000031800000,  -0.04000,
,,,0.000031820000,  -0.04000,
,,,0.000031840000,  -0.04000,
,,,0.000031860000,  -0.04000,
,,,0.000031880000,  -0.04000,
,,,0.000031900000,  -0.04000,
,,,0.000031920000,  -0.04000,
,,,0.000031940000,  -0.02000,
,,,0.000031960000,  -0.02000,
,,,0.000031980000,  -0.02000,
,,,0.000032000000,  -0.04000,
,,,0.000032020000,  -0.04000,
,,,0.000032040000,  -0.02000,
,,,0.000032060000,  -0.04000,
,,,0.000032080000,  -0.04000,
,,,0.000032100000,  -0.04000,
,,,0.000032120000,  -0.04000,
,,,0.000032140000,  -0.02000,
,,,0.000032160000,  -0.04000,
,,,0.000032180000,  -0.04000,
,,,0.000032200000,  -0.04000,
,,,0.000032220000,  -0.04000,
,,,0.000032240000,  -0.04000,
,,,0.000032260000,  -0.04000,
,,,0.000032280000,  -0.04000,
,,,0.000032300000,  -0.04000,
,,,0.000032320000,  -0.04000,
,,,0.000032340000,  -0.04000,
,,,0.000032360000,  -0.04000,
,,,0.000032380000,  -0.04000,
,,,0.000032400000,  -0.04000,
,,,0.000032420000,  -0.04000,
,,,0.000032440000,  -0.04000,
,,,0.000032460000,  -0.04000,
,,,0.000032480000,  -0.04000,
,,,0.000032500000,  -0.04000,
,,,0.000032520000,  -0.04000,
,,,0.000032540000,  -0.04000,
,,,0.000032560000,  -0.04000,
,,,0.000032580000,  -0.06000,
,,,0.000032600000,  -0.04000,
,,,0.000032620000,  -0.04000,
,,,0.000032640000,  -0.02000,
,,,0.000032660000,  -0.04000,
,,,0.000032680000,  -0.02000,
,,,0.000032700000,  -0.04000,
,,,0.000032720000,  -0.04000,
,,,0.000032740000,  -0.04000,
,,,0.000032760000,  -0.04000,
,,,0.000032780000,  -0.04000,
,,,0.000032800000,  -0.02000,
,,,0.000032820000,  -0.04000,
,,,0.000032840000,  -0.04000,
,,,0.000032860000,  -0.04000,
,,,0.000032880000,  -0.04000,
,,,0.000032900000,  -0.04000,
,,,0.000032920000,  -0.04000,
,,,0.000032940000,  -0.04000,
,,,0.000032960000,  -0.04000,
,,,0.000032980000,  -0.04000,
,,,0.000033000000,  -0.02000,
,,,0.000033020000,  -0.02000,
,,,0.000033040000,  -0.04000,
,,,0.000033060000,  -0.04000,
,,,0.000033080000,  -0.04000,
,,,0.000033100000,  -0.04000,
,,,0.000033120000,  -0.02000,
,,,0.000033140000,  -0.04000,
,,,0.000033160000,  -0.02000,
,,,0.000033180000,  -0.04000,
,,,0.000033200000,  -0.04000,
,,,0.000033220000,  -0.04000,
,,,0.000033240000,  -0.04000,
,,,0.000033260000,  -0.02000,
,,,0.000033280000,  -0.04000,
,,,0.000033300000,  -0.02000,
,,,0.000033320000,  -0.02000,
,,,0.000033340000,  -0.04000,
,,,0.000033360000,  -0.02000,
,,,0.000033380000,  -0.04000,
,,,0.000033400000,  -0.04000,
,,,0.000033420000,  -0.04000,
,,,0.000033440000,  -0.04000,
,,,0.000033460000,  -0.04000,
,,,0.000033480000,  -0.04000,
,,,0.000033500000,  -0.02000,
,,,0.000033520000,  -0.04000,
,,,0.000033540000,  -0.04000,
,,,0.000033560000,  -0.04000,
,,,0.000033580000,  -0.04000,
,,,0.000033600000,  -0.04000,
,,,0.000033620000,  -0.04000,
,,,0.000033640000,  -0.02000,
,,,0.000033660000,  -0.02000,
,,,0.000033680000,  -0.04000,
,,,0.000033700000,  -0.04000,
,,,0.000033720000,  -0.04000,
,,,0.000033740000,  -0.04000,
,,,0.000033760000,  -0.04000,
,,,0.000033780000,  -0.04000,
,,,0.000033800000,  -0.04000,
,,,0.000033820000,  -0.04000,
,,,0.000033840000,  -0.04000,
,,,0.000033860000,  -0.02000,
,,,0.000033880000,  -0.04000,
,,,0.000033900000,  -0.04000,
,,,0.000033920000,  -0.04000,
,,,0.000033940000,  -0.04000,
,,,0.000033960000,  -0.04000,
,,,0.000033980000,  -0.04000,
,,,0.000034000000,  -0.04000,
,,,0.000034020000,  -0.04000,
,,,0.000034040000,  -0.04000,
,,,0.000034060000,  -0.04000,
,,,0.000034080000,  -0.02000,
,,,0.000034100000,  -0.04000,
,,,0.000034120000,  -0.02000,
,,,0.000034140000,  -0.02000,
,,,0.000034160000,  -0.04000,
,,,0.000034180000,  -0.04000,
,,,0.000034200000,  -0.04000,
,,,0.000034220000,  -0.04000,
,,,0.000034240000,  -0.04000,
,,,0.000034260000,  -0.02000,
,,,0.000034280000,  -0.04000,
,,,0.000034300000,  -0.04000,
,,,0.000034320000,  -0.04000,
,,,0.000034340000,  -0.04000,
,,,0.000034360000,  -0.04000,
,,,0.000034380000,  -0.04000,
,,,0.000034400000,  -0.04000,
,,,0.000034420000,  -0.02000,
,,,0.000034440000,  -0.06000,
,,,0.000034460000,  -0.04000,
,,,0.000034480000,  -0.04000,
,,,0.000034500000,  -0.04000,
,,,0.000034520000,  -0.02000,
,,,0.000034540000,  -0.04000,
,,,0.000034560000,  -0.04000,
,,,0.000034580000,  -0.04000,
,,,0.000034600000,  -0.04000,
,,,0.000034620000,  -0.02000,
,,,0.000034640000,  -0.04000,
,,,0.000034660000,  -0.04000,
,,,0.000034680000,  -0.04000,
,,,0.000034700000,  -0.04000,
,,,0.000034720000,  -0.04000,
,,,0.000034740000,  -0.04000,
,,,0.000034760000,  -0.04000,
,,,0.000034780000,  -0.04000,
,,,0.000034800000,  -0.04000,
,,,0.000034820000,  -0.04000,
,,,0.000034840000,  -0.04000,
,,,0.000034860000,  -0.04000,
,,,0.000034880000,  -0.02000,
,,,0.000034900000,  -0.02000,
,,,0.000034920000,  -0.04000,
,,,0.000034940000,  -0.04000,
,,,0.000034960000,  -0.04000,
,,,0.000034980000,  -0.02000,
,,,0.000035000000,  -0.04000,
,,,0.000035020000,  -0.04000,
,,,0.000035040000,  -0.04000,
,,,0.000035060000,  -0.04000,
,,,0.000035080000,  -0.04000,
,,,0.000035100000,  -0.04000,
,,,0.000035120000,  -0.04000,
,,,0.000035140000,  -0.04000,
,,,0.000035160000,  -0.04000,
,,,0.000035180000,  -0.04000,
,,,0.000035200000,  -0.04000,
,,,0.000035220000,  -0.04000,
,,,0.000035240000,  -0.04000,
,,,0.000035260000,  -0.04000,
,,,0.000035280000,  -0.04000,
,,,0.000035300000,  -0.04000,
,,,0.000035320000,  -0.04000,
,,,0.000035340000,  -0.02000,
,,,0.000035360000,  -0.04000,
,,,0.000035380000,  -0.02000,
,,,0.000035400000,  -0.04000,
,,,0.000035420000,  -0.04000,
,,,0.000035440000,  -0.04000,
,,,0.000035460000,  -0.04000,
,,,0.000035480000,  -0.04000,
,,,0.000035500000,  -0.04000,
,,,0.000035520000,  -0.04000,
,,,0.000035540000,  -0.04000,
,,,0.000035560000,  -0.04000,
,,,0.000035580000,  -0.04000,
,,,0.000035600000,  -0.04000,
,,,0.000035620000,  -0.02000,
,,,0.000035640000,  -0.04000,
,,,0.000035660000,  -0.04000,
,,,0.000035680000,  -0.04000,
,,,0.000035700000,  -0.06000,
,,,0.000035720000,  -0.04000,
,,,0.000035740000,  -0.04000,
,,,0.000035760000,  -0.04000,
,,,0.000035780000,  -0.04000,
,,,0.000035800000,  -0.04000,
,,,0.000035820000,  -0.04000,
,,,0.000035840000,  -0.04000,
,,,0.000035860000,  -0.04000,
,,,0.000035880000,  -0.04000,
,,,0.000035900000,  -0.04000,
,,,0.000035920000,  -0.04000,
,,,0.000035940000,  -0.04000,
,,,0.000035960000,  -0.04000,
,,,0.000035980000,  -0.04000,
,,,0.000036000000,  -0.02000,
,,,0.000036020000,  -0.04000,
,,,0.000036040000,  -0.04000,
,,,0.000036060000,  -0.04000,
,,,0.000036080000,  -0.04000,
,,,0.000036100000,  -0.04000,
,,,0.000036120000,  -0.02000,
,,,0.000036140000,  -0.04000,
,,,0.000036160000,  -0.04000,
,,,0.000036180000,  -0.04000,
,,,0.000036200000,  -0.02000,
,,,0.000036220000,  -0.04000,
,,,0.000036240000,  -0.02000,
,,,0.000036260000,  -0.04000,
,,,0.000036280000,  -0.04000,
,,,0.000036300000,  -0.04000,
,,,0.000036320000,  -0.04000,
,,,0.000036340000,  -0.04000,
,,,0.000036360000,  -0.04000,
,,,0.000036380000,  -0.04000,
,,,0.000036400000,  -0.04000,
,,,0.000036420000,  -0.04000,
,,,0.000036440000,  -0.02000,
,,,0.000036460000,  -0.04000,
,,,0.000036480000,  -0.04000,
,,,0.000036500000,  -0.04000,
,,,0.000036520000,  -0.04000,
,,,0.000036540000,  -0.04000,
,,,0.000036560000,  -0.04000,
,,,0.000036580000,  -0.04000,
,,,0.000036600000,  -0.02000,
,,,0.000036620000,  -0.04000,
,,,0.000036640000,  -0.04000,
,,,0.000036660000,  -0.04000,
,,,0.000036680000,  -0.04000,
,,,0.000036700000,  -0.04000,
,,,0.000036720000,  -0.02000,
,,,0.000036740000,  -0.04000,
,,,0.000036760000,  -0.04000,
,,,0.000036780000,  -0.04000,
,,,0.000036800000,  -0.02000,
,,,0.000036820000,  -0.02000,
,,,0.000036840000,  -0.04000,
,,,0.000036860000,  -0.04000,
,,,0.000036880000,  -0.04000,
,,,0.000036900000,  -0.04000,
,,,0.000036920000,  -0.04000,
,,,0.000036940000,  -0.04000,
,,,0.000036960000,  -0.02000,
,,,0.000036980000,  -0.02000,
,,,0.000037000000,  -0.04000,
,,,0.000037020000,  -0.04000,
,,,0.000037040000,  -0.04000,
,,,0.000037060000,  -0.02000,
,,,0.000037080000,  -0.02000,
,,,0.000037100000,  -0.02000,
,,,0.000037120000,  -0.04000,
,,,0.000037140000,  -0.04000,
,,,0.000037160000,  -0.04000,
,,,0.000037180000,  -0.04000,
,,,0.000037200000,  -0.04000,
,,,0.000037220000,  -0.02000,
,,,0.000037240000,  -0.04000,
,,,0.000037260000,  -0.02000,
,,,0.000037280000,  -0.04000,
,,,0.000037300000,  -0.04000,
,,,0.000037320000,  -0.02000,
,,,0.000037340000,  -0.04000,
,,,0.000037360000,  -0.04000,
,,,0.000037380000,  -0.04000,
,,,0.000037400000,  -0.04000,
,,,0.000037420000,  -0.02000,
,,,0.000037440000,  -0.04000,
,,,0.000037460000,  -0.04000,
,,,0.000037480000,  -0.04000,
,,,0.000037500000,  -0.04000,
,,,0.000037520000,  -0.04000,
,,,0.000037540000,  -0.04000,
,,,0.000037560000,  -0.04000,
,,,0.000037580000,  -0.04000,
,,,0.000037600000,  -0.04000,
,,,0.000037620000,  -0.04000,
,,,0.000037640000,  -0.04000,
,,,0.000037660000,  -0.04000,
,,,0.000037680000,  -0.04000,
,,,0.000037700000,  -0.04000,
,,,0.000037720000,  -0.02000,
,,,0.000037740000,  -0.04000,
,,,0.000037760000,  -0.04000,
,,,0.000037780000,  -0.04000,
,,,0.000037800000,  -0.02000,
,,,0.000037820000,  -0.04000,
,,,0.000037840000,  -0.04000,
,,,0.000037860000,  -0.04000,
,,,0.000037880000,  -0.04000,
,,,0.000037900000,  -0.02000,
,,,0.000037920000,  -0.04000,
,,,0.000037940000,  -0.04000,
,,,0.000037960000,  -0.04000,
,,,0.000037980000,  -0.04000,
,,,0.000038000000,  -0.04000,
,,,0.000038020000,  -0.04000,
,,,0.000038040000,  -0.04000,
,,,0.000038060000,  -0.04000,
,,,0.000038080000,  -0.04000,
,,,0.000038100000,  -0.04000,
,,,0.000038120000,  -0.04000,
,,,0.000038140000,  -0.04000,
,,,0.000038160000,  -0.04000,
,,,0.000038180000,  -0.04000,
,,,0.000038200000,  -0.02000,
,,,0.000038220000,  -0.02000,
,,,0.000038240000,  -0.06000,
,,,0.000038260000,  -0.04000,
,,,0.000038280000,  -0.04000,
,,,0.000038300000,  -0.04000,
,,,0.000038320000,  -0.02000,
,,,0.000038340000,  -0.04000,
,,,0.000038360000,  -0.04000,
,,,0.000038380000,  -0.04000,
,,,0.000038400000,  -0.04000,
,,,0.000038420000,  -0.04000,
,,,0.000038440000,  -0.04000,
,,,0.000038460000,  -0.02000,
,,,0.000038480000,  -0.04000,
,,,0.000038500000,  -0.04000,
,,,0.000038520000,  -0.04000,
,,,0.000038540000,  -0.04000,
,,,0.000038560000,  -0.04000,
,,,0.000038580000,  -0.04000,
,,,0.000038600000,  -0.04000,
,,,0.000038620000,  -0.04000,
,,,0.000038640000,  -0.04000,
,,,0.000038660000,  -0.04000,
,,,0.000038680000,  -0.04000,
,,,0.000038700000,  -0.02000,
,,,0.000038720000,  -0.04000,
,,,0.000038740000,  -0.04000,
,,,0.000038760000,  -0.04000,
,,,0.000038780000,  -0.04000,
,,,0.000038800000,  -0.04000,
,,,0.000038820000,  -0.04000,
,,,0.000038840000,  -0.04000,
,,,0.000038860000,  -0.04000,
,,,0.000038880000,  -0.04000,
,,,0.000038900000,  -0.04000,
,,,0.000038920000,  -0.04000,
,,,0.000038940000,  -0.04000,
,,,0.000038960000,  -0.04000,
,,,0.000038980000,  -0.04000,
,,,0.000039000000,  -0.04000,
,,,0.000039020000,  -0.04000,
,,,0.000039040000,  -0.04000,
,,,0.000039060000,  -0.02000,
,,,0.000039080000,  -0.04000,
,,,0.000039100000,  -0.02000,
,,,0.000039120000,  -0.02000,
,,,0.000039140000,  -0.02000,
,,,0.000039160000,  -0.04000,
,,,0.000039180000,  -0.04000,
,,,0.000039200000,  -0.04000,
,,,0.000039220000,  -0.04000,
,,,0.000039240000,  -0.04000,
,,,0.000039260000,  -0.04000,
,,,0.000039280000,  -0.04000,
,,,0.000039300000,  -0.04000,
,,,0.000039320000,  -0.04000,
,,,0.000039340000,  -0.02000,
,,,0.000039360000,  -0.04000,
,,,0.000039380000,  -0.04000,
,,,0.000039400000,  -0.04000,
,,,0.000039420000,  -0.04000,
,,,0.000039440000,  -0.02000,
,,,0.000039460000,  -0.06000,
,,,0.000039480000,  -0.04000,
,,,0.000039500000,  -0.02000,
,,,0.000039520000,  -0.04000,
,,,0.000039540000,  -0.02000,
,,,0.000039560000,  -0.04000,
,,,0.000039580000,  -0.04000,
,,,0.000039600000,  -0.04000,
,,,0.000039620000,  -0.04000,
,,,0.000039640000,  -0.04000,
,,,0.000039660000,  -0.04000,
,,,0.000039680000,  -0.04000,
,,,0.000039700000,  -0.04000,
,,,0.000039720000,  -0.02000,
,,,0.000039740000,  -0.04000,
,,,0.000039760000,  -0.04000,
,,,0.000039780000,  -0.04000,
,,,0.000039800000,  -0.04000,
,,,0.000039820000,  -0.02000,
,,,0.000039840000,  -0.04000,
,,,0.000039860000,  -0.04000,
,,,0.000039880000,  -0.04000,
,,,0.000039900000,  -0.04000,
,,,0.000039920000,  -0.04000,
,,,0.000039940000,  -0.04000,
,,,0.000039960000,  -0.02000,
,,,0.000039980000,  -0.02000,
,,,0.000040000000,  -0.04000,
,,,0.000040020000,  -0.04000,
,,,0.000040040000,  -0.04000,
,,,0.000040060000,  -0.04000,
,,,0.000040080000,  -0.04000,
,,,0.000040100000,  -0.04000,
,,,0.000040120000,  -0.06000,
,,,0.000040140000,  -0.04000,
,,,0.000040160000,  -0.02000,
,,,0.000040180000,  -0.04000,
,,,0.000040200000,  -0.04000,
,,,0.000040220000,  -0.04000,
,,,0.000040240000,  -0.04000,
,,,0.000040260000,  -0.02000,
,,,0.000040280000,  -0.02000,
,,,0.000040300000,  -0.04000,
,,,0.000040320000,  -0.04000,
,,,0.000040340000,  -0.02000,
,,,0.000040360000,  -0.02000,
,,,0.000040380000,  -0.04000,
,,,0.000040400000,  -0.02000,
,,,0.000040420000,  -0.02000,
,,,0.000040440000,  -0.02000,
,,,0.000040460000,  -0.04000,
,,,0.000040480000,  -0.04000,
,,,0.000040500000,  -0.06000,
,,,0.000040520000,  -0.04000,
,,,0.000040540000,  -0.04000,
,,,0.000040560000,  -0.04000,
,,,0.000040580000,  -0.02000,
,,,0.000040600000,  -0.04000,
,,,0.000040620000,  -0.04000,
,,,0.000040640000,  -0.04000,
,,,0.000040660000,  -0.04000,
,,,0.000040680000,  -0.04000,
,,,0.000040700000,  -0.04000,
,,,0.000040720000,  -0.04000,
,,,0.000040740000,  -0.04000,
,,,0.000040760000,  -0.04000,
,,,0.000040780000,  -0.04000,
,,,0.000040800000,  -0.04000,
,,,0.000040820000,  -0.04000,
,,,0.000040840000,  -0.04000,
,,,0.000040860000,  -0.04000,
,,,0.000040880000,  -0.04000,
,,,0.000040900000,  -0.04000,
,,,0.000040920000,  -0.04000,
,,,0.000040940000,  -0.02000,
,,,0.000040960000,  -0.04000,
,,,0.000040980000,  -0.04000,
,,,0.000041000000,  -0.04000,
,,,0.000041020000,  -0.04000,
,,,0.000041040000,  -0.04000,
,,,0.000041060000,  -0.04000,
,,,0.000041080000,  -0.04000,
,,,0.000041100000,  -0.04000,
,,,0.000041120000,  -0.02000,
,,,0.000041140000,  -0.02000,
,,,0.000041160000,  -0.04000,
,,,0.000041180000,  -0.04000,
,,,0.000041200000,  -0.02000,
,,,0.000041220000,  -0.02000,
,,,0.000041240000,  -0.04000,
,,,0.000041260000,  -0.04000,
,,,0.000041280000,  -0.02000,
,,,0.000041300000,  -0.04000,
,,,0.000041320000,  -0.02000,
,,,0.000041340000,  -0.04000,
,,,0.000041360000,  -0.04000,
,,,0.000041380000,  -0.04000,
,,,0.000041400000,  -0.04000,
,,,0.000041420000,  -0.02000,
,,,0.000041440000,  -0.04000,
,,,0.000041460000,  -0.04000,
,,,0.000041480000,  -0.04000,
,,,0.000041500000,  -0.02000,
,,,0.000041520000,  -0.04000,
,,,0.000041540000,  -0.04000,
,,,0.000041560000,  -0.04000,
,,,0.000041580000,  -0.04000,
,,,0.000041600000,  -0.04000,
,,,0.000041620000,  -0.04000,
,,,0.000041640000,  -0.04000,
,,,0.000041660000,  -0.02000,
,,,0.000041680000,  -0.04000,
,,,0.000041700000,  -0.04000,
,,,0.000041720000,  -0.04000,
,,,0.000041740000,  -0.04000,
,,,0.000041760000,  -0.04000,
,,,0.000041780000,  -0.04000,
,,,0.000041800000,  -0.02000,
,,,0.000041820000,  -0.04000,
,,,0.000041840000,  -0.04000,
,,,0.000041860000,  -0.02000,
,,,0.000041880000,  -0.04000,
,,,0.000041900000,  -0.02000,
,,,0.000041920000,  -0.04000,
,,,0.000041940000,  -0.04000,
,,,0.000041960000,  -0.04000,
,,,0.000041980000,  -0.04000,
,,,0.000042000000,  -0.04000,
,,,0.000042020000,  -0.04000,
,,,0.000042040000,  -0.04000,
,,,0.000042060000,  -0.04000,
,,,0.000042080000,  -0.02000,
,,,0.000042100000,  -0.04000,
,,,0.000042120000,  -0.04000,
,,,0.000042140000,  -0.04000,
,,,0.000042160000,  -0.04000,
,,,0.000042180000,  -0.04000,
,,,0.000042200000,  -0.04000,
,,,0.000042220000,  -0.04000,
,,,0.000042240000,  -0.04000,
,,,0.000042260000,  -0.04000,
,,,0.000042280000,  -0.04000,
,,,0.000042300000,  -0.04000,
,,,0.000042320000,  -0.04000,
,,,0.000042340000,  -0.02000,
,,,0.000042360000,  -0.04000,
,,,0.000042380000,  -0.04000,
,,,0.000042400000,  -0.04000,
,,,0.000042420000,  -0.04000,
,,,0.000042440000,  -0.02000,
,,,0.000042460000,  -0.04000,
,,,0.000042480000,  -0.04000,
,,,0.000042500000,  -0.04000,
,,,0.000042520000,  -0.04000,
,,,0.000042540000,  -0.04000,
,,,0.000042560000,  -0.04000,
,,,0.000042580000,  -0.04000,
,,,0.000042600000,  -0.04000,
,,,0.000042620000,  -0.04000,
,,,0.000042640000,  -0.04000,
,,,0.000042660000,  -0.04000,
,,,0.000042680000,  -0.04000,
,,,0.000042700000,  -0.04000,
,,,0.000042720000,  -0.04000,
,,,0.000042740000,  -0.04000,
,,,0.000042760000,  -0.04000,
,,,0.000042780000,  -0.04000,
,,,0.000042800000,  -0.04000,
,,,0.000042820000,  -0.04000,
,,,0.000042840000,  -0.04000,
,,,0.000042860000,  -0.04000,
,,,0.000042880000,  -0.02000,
,,,0.000042900000,  -0.02000,
,,,0.000042920000,  -0.02000,
,,,0.000042940000,  -0.04000,
,,,0.000042960000,  -0.04000,
,,,0.000042980000,  -0.04000,
,,,0.000043000000,  -0.04000,
,,,0.000043020000,  -0.02000,
,,,0.000043040000,  -0.04000,
,,,0.000043060000,  -0.02000,
,,,0.000043080000,  -0.02000,
,,,0.000043100000,  -0.04000,
,,,0.000043120000,  -0.04000,
,,,0.000043140000,  -0.04000,
,,,0.000043160000,  -0.04000,
,,,0.000043180000,  -0.04000,
,,,0.000043200000,  -0.02000,
,,,0.000043220000,  -0.04000,
,,,0.000043240000,  -0.04000,
,,,0.000043260000,  -0.04000,
,,,0.000043280000,  -0.04000,
,,,0.000043300000,  -0.04000,
,,,0.000043320000,  -0.02000,
,,,0.000043340000,  -0.04000,
,,,0.000043360000,  -0.04000,
,,,0.000043380000,  -0.04000,
,,,0.000043400000,  -0.04000,
,,,0.000043420000,  -0.04000,
,,,0.000043440000,  -0.04000,
,,,0.000043460000,  -0.04000,
,,,0.000043480000,  -0.04000,
,,,0.000043500000,  -0.04000,
,,,0.000043520000,  -0.04000,
,,,0.000043540000,  -0.04000,
,,,0.000043560000,  -0.04000,
,,,0.000043580000,  -0.04000,
,,,0.000043600000,  -0.04000,
,,,0.000043620000,  -0.04000,
,,,0.000043640000,  -0.04000,
,,,0.000043660000,  -0.04000,
,,,0.000043680000,  -0.02000,
,,,0.000043700000,  -0.04000,
,,,0.000043720000,  -0.04000,
,,,0.000043740000,  -0.02000,
,,,0.000043760000,  -0.04000,
,,,0.000043780000,  -0.04000,
,,,0.000043800000,  -0.04000,
,,,0.000043820000,  -0.02000,
,,,0.000043840000,  -0.04000,
,,,0.000043860000,  -0.04000,
,,,0.000043880000,  -0.04000,
,,,0.000043900000,  -0.04000,
,,,0.000043920000,  -0.02000,
,,,0.000043940000,  -0.04000,
,,,0.000043960000,  -0.02000,
,,,0.000043980000,  -0.04000,
,,,0.000044000000,  -0.04000,
,,,0.000044020000,  -0.04000,
,,,0.000044040000,  -0.04000,
,,,0.000044060000,  -0.02000,
,,,0.000044080000,  -0.04000,
,,,0.000044100000,  -0.04000,
,,,0.000044120000,  -0.04000,
,,,0.000044140000,  -0.04000,
,,,0.000044160000,  -0.04000,
,,,0.000044180000,  -0.06000,
,,,0.000044200000,  -0.04000,
,,,0.000044220000,  -0.04000,
,,,0.000044240000,  -0.04000,
,,,0.000044260000,  -0.04000,
,,,0.000044280000,  -0.04000,
,,,0.000044300000,  -0.02000,
,,,0.000044320000,  -0.04000,
,,,0.000044340000,  -0.04000,
,,,0.000044360000,  -0.04000,
,,,0.000044380000,  -0.04000,
,,,0.000044400000,  -0.04000,
,,,0.000044420000,  -0.04000,
,,,0.000044440000,  -0.04000,
,,,0.000044460000,  -0.04000,
,,,0.000044480000,  -0.04000,
,,,0.000044500000,  -0.04000,
,,,0.000044520000,  -0.02000,
,,,0.000044540000,  -0.04000,
,,,0.000044560000,  -0.04000,
,,,0.000044580000,  -0.02000,
,,,0.000044600000,  -0.04000,
,,,0.000044620000,  -0.04000,
,,,0.000044640000,  -0.04000,
,,,0.000044660000,  -0.04000,
,,,0.000044680000,  -0.04000,
,,,0.000044700000,  -0.04000,
,,,0.000044720000,  -0.04000,
,,,0.000044740000,  -0.04000,
,,,0.000044760000,  -0.04000,
,,,0.000044780000,  -0.04000,
,,,0.000044800000,  -0.04000,
,,,0.000044820000,  -0.04000,
,,,0.000044840000,  -0.04000,
,,,0.000044860000,  -0.04000,
,,,0.000044880000,  -0.04000,
,,,0.000044900000,  -0.04000,
,,,0.000044920000,  -0.04000,
,,,0.000044940000,  -0.04000,
,,,0.000044960000,  -0.04000,
,,,0.000044980000,  -0.04000,
,,,0.000045000000,  -0.02000,
,,,0.000045020000,  -0.04000,
,,,0.000045040000,  -0.04000,
,,,0.000045060000,  -0.04000,
,,,0.000045080000,  -0.04000,
,,,0.000045100000,  -0.04000,
,,,0.000045120000,  -0.04000,
,,,0.000045140000,  -0.02000,
,,,0.000045160000,  -0.02000,
,,,0.000045180000,  -0.02000,
,,,0.000045200000,  -0.04000,
,,,0.000045220000,  -0.04000,
,,,0.000045240000,  -0.04000,
,,,0.000045260000,  -0.04000,
,,,0.000045280000,  -0.02000,
,,,0.000045300000,  -0.04000,
,,,0.000045320000,  -0.06000,
,,,0.000045340000,  -0.04000,
,,,0.000045360000,  -0.02000,
,,,0.000045380000,  -0.02000,
,,,0.000045400000,  -0.04000,
,,,0.000045420000,  -0.04000,
,,,0.000045440000,  -0.04000,
,,,0.000045460000,  -0.02000,
,,,0.000045480000,  -0.04000,
,,,0.000045500000,  -0.04000,
,,,0.000045520000,  -0.04000,
,,,0.000045540000,  -0.04000,
,,,0.000045560000,  -0.04000,
,,,0.000045580000,  -0.04000,
,,,0.000045600000,  -0.04000,
,,,0.000045620000,  -0.04000,
,,,0.000045640000,  -0.04000,
,,,0.000045660000,  -0.02000,
,,,0.000045680000,  -0.04000,
,,,0.000045700000,  -0.04000,
,,,0.000045720000,  -0.04000,
,,,0.000045740000,  -0.04000,
,,,0.000045760000,  -0.02000,
,,,0.000045780000,  -0.04000,
,,,0.000045800000,  -0.04000,
,,,0.000045820000,  -0.02000,
,,,0.000045840000,  -0.02000,
,,,0.000045860000,  -0.04000,
,,,0.000045880000,  -0.04000,
,,,0.000045900000,  -0.04000,
,,,0.000045920000,  -0.04000,
,,,0.000045940000,  -0.04000,
,,,0.000045960000,  -0.04000,
,,,0.000045980000,  -0.04000,
,,,0.000046000000,  -0.04000,
,,,0.000046020000,  -0.02000,
,,,0.000046040000,  -0.02000,
,,,0.000046060000,  -0.04000,
,,,0.000046080000,  -0.04000,
,,,0.000046100000,  -0.04000,
,,,0.000046120000,  -0.04000,
,,,0.000046140000,  -0.02000,
,,,0.000046160000,  -0.04000,
,,,0.000046180000,  -0.04000,
,,,0.000046200000,  -0.04000,
,,,0.000046220000,  -0.04000,
,,,0.000046240000,  -0.04000,
,,,0.000046260000,  -0.04000,
,,,0.000046280000,  -0.04000,
,,,0.000046300000,  -0.04000,
,,,0.000046320000,  -0.04000,
,,,0.000046340000,  -0.04000,
,,,0.000046360000,  -0.04000,
,,,0.000046380000,  -0.04000,
,,,0.000046400000,  -0.04000,
,,,0.000046420000,  -0.04000,
,,,0.000046440000,  -0.04000,
,,,0.000046460000,  -0.04000,
,,,0.000046480000,  -0.04000,
,,,0.000046500000,  -0.04000,
,,,0.000046520000,  -0.04000,
,,,0.000046540000,  -0.04000,
,,,0.000046560000,  -0.04000,
,,,0.000046580000,  -0.04000,
,,,0.000046600000,  -0.04000,
,,,0.000046620000,  -0.04000,
,,,0.000046640000,  -0.04000,
,,,0.000046660000,  -0.04000,
,,,0.000046680000,  -0.04000,
,,,0.000046700000,  -0.04000,
,,,0.000046720000,  -0.04000,
,,,0.000046740000,  -0.02000,
,,,0.000046760000,  -0.02000,
,,,0.000046780000,  -0.04000,
,,,0.000046800000,  -0.04000,
,,,0.000046820000,  -0.04000,
,,,0.000046840000,  -0.04000,
,,,0.000046860000,  -0.02000,
,,,0.000046880000,  -0.04000,
,,,0.000046900000,  -0.04000,
,,,0.000046920000,  -0.04000,
,,,0.000046940000,  -0.04000,
,,,0.000046960000,  -0.04000,
,,,0.000046980000,  -0.02000,
,,,0.000047000000,  -0.04000,
,,,0.000047020000,  -0.04000,
,,,0.000047040000,  -0.04000,
,,,0.000047060000,  -0.04000,
,,,0.000047080000,  -0.02000,
,,,0.000047100000,  -0.04000,
,,,0.000047120000,  -0.04000,
,,,0.000047140000,  -0.04000,
,,,0.000047160000,  -0.04000,
,,,0.000047180000,  -0.02000,
,,,0.000047200000,  -0.04000,
,,,0.000047220000,  -0.04000,
,,,0.000047240000,  -0.04000,
,,,0.000047260000,  -0.02000,
,,,0.000047280000,  -0.04000,
,,,0.000047300000,  -0.04000,
,,,0.000047320000,  -0.04000,
,,,0.000047340000,  -0.04000,
,,,0.000047360000,  -0.04000,
,,,0.000047380000,  -0.04000,
,,,0.000047400000,  -0.04000,
,,,0.000047420000,  -0.02000,
,,,0.000047440000,  -0.04000,
,,,0.000047460000,  -0.04000,
,,,0.000047480000,  -0.04000,
,,,0.000047500000,  -0.04000,
,,,0.000047520000,  -0.04000,
,,,0.000047540000,  -0.04000,
,,,0.000047560000,  -0.04000,
,,,0.000047580000,  -0.04000,
,,,0.000047600000,  -0.02000,
,,,0.000047620000,  -0.04000,
,,,0.000047640000,  -0.02000,
,,,0.000047660000,  -0.04000,
,,,0.000047680000,  -0.02000,
,,,0.000047700000,  -0.02000,
,,,0.000047720000,  -0.04000,
,,,0.000047740000,  -0.02000,
,,,0.000047760000,  -0.04000,
,,,0.000047780000,  -0.04000,
,,,0.000047800000,  -0.02000,
,,,0.000047820000,  -0.02000,
,,,0.000047840000,  -0.04000,
,,,0.000047860000,  -0.04000,
,,,0.000047880000,  -0.04000,
,,,0.000047900000,  -0.04000,
,,,0.000047920000,  -0.04000,
,,,0.000047940000,  -0.04000,
,,,0.000047960000,  -0.04000,
,,,0.000047980000,  -0.04000,
,,,0.000048000000,  -0.04000,
,,,0.000048020000,  -0.02000,
,,,0.000048040000,  -0.04000,
,,,0.000048060000,  -0.04000,
,,,0.000048080000,  -0.04000,
,,,0.000048100000,  -0.04000,
,,,0.000048120000,  -0.04000,
,,,0.000048140000,  -0.04000,
,,,0.000048160000,  -0.06000,
,,,0.000048180000,  -0.02000,
,,,0.000048200000,  -0.04000,
,,,0.000048220000,  -0.04000,
,,,0.000048240000,  -0.04000,
,,,0.000048260000,  -0.04000,
,,,0.000048280000,  -0.04000,
,,,0.000048300000,  -0.04000,
,,,0.000048320000,  -0.04000,
,,,0.000048340000,  -0.04000,
,,,0.000048360000,  -0.04000,
,,,0.000048380000,  -0.04000,
,,,0.000048400000,  -0.04000,
,,,0.000048420000,  -0.06000,
,,,0.000048440000,  -0.04000,
,,,0.000048460000,  -0.04000,
,,,0.000048480000,  -0.02000,
,,,0.000048500000,  -0.04000,
,,,0.000048520000,  -0.04000,
,,,0.000048540000,  -0.04000,
,,,0.000048560000,  -0.02000,
,,,0.000048580000,  -0.04000,
,,,0.000048600000,  -0.04000,
,,,0.000048620000,  -0.04000,
,,,0.000048640000,  -0.04000,
,,,0.000048660000,  -0.04000,
,,,0.000048680000,  -0.04000,
,,,0.000048700000,  -0.04000,
,,,0.000048720000,  -0.02000,
,,,0.000048740000,  -0.04000,
,,,0.000048760000,  -0.04000,
,,,0.000048780000,  -0.04000,
,,,0.000048800000,  -0.04000,
,,,0.000048820000,  -0.04000,
,,,0.000048840000,  -0.04000,
,,,0.000048860000,  -0.04000,
,,,0.000048880000,  -0.04000,
,,,0.000048900000,  -0.04000,
,,,0.000048920000,  -0.02000,
,,,0.000048940000,  -0.04000,
,,,0.000048960000,  -0.04000,
,,,0.000048980000,  -0.04000,
,,,0.000049000000,  -0.02000,
,,,0.000049020000,  -0.02000,
,,,0.000049040000,  -0.04000,
,,,0.000049060000,  -0.02000,
,,,0.000049080000,  -0.04000,
,,,0.000049100000,  -0.04000,
,,,0.000049120000,  -0.04000,
,,,0.000049140000,  -0.04000,
,,,0.000049160000,  -0.04000,
,,,0.000049180000,  -0.04000,
,,,0.000049200000,  -0.04000,
,,,0.000049220000,  -0.02000,
,,,0.000049240000,  -0.04000,
,,,0.000049260000,  -0.04000,
,,,0.000049280000,  -0.04000,
,,,0.000049300000,  -0.04000,
,,,0.000049320000,  -0.02000,
,,,0.000049340000,  -0.02000,
,,,0.000049360000,  -0.04000,
,,,0.000049380000,  -0.02000,
,,,0.000049400000,  -0.04000,
,,,0.000049420000,  -0.04000,
,,,0.000049440000,  -0.04000,
,,,0.000049460000,  -0.04000,
,,,0.000049480000,  -0.04000,
,,,0.000049500000,  -0.04000,
,,,0.000049520000,  -0.04000,
,,,0.000049540000,  -0.04000,
,,,0.000049560000,  -0.04000,
,,,0.000049580000,  -0.02000,
,,,0.000049600000,  -0.04000,
,,,0.000049620000,  -0.04000,
,,,0.000049640000,  -0.02000,
,,,0.000049660000,  -0.04000,
,,,0.000049680000,  -0.02000,
,,,0.000049700000,  -0.04000,
,,,0.000049720000,  -0.02000,
,,,0.000049740000,  -0.04000,
,,,0.000049760000,  -0.02000,
,,,0.000049780000,  -0.02000,
,,,0.000049800000,  -0.04000,
,,,0.000049820000,  -0.02000,
,,,0.000049840000,  -0.04000,
,,,0.000049860000,  -0.04000,
,,,0.000049880000,  -0.04000,
,,,0.000049900000,  -0.04000,
,,,0.000049920000,  -0.02000,
,,,0.000049940000,  -0.04000,
,,,0.000049960000,  -0.02000,
,,,0.000049980000,  -0.02000,
,,,0.000050000000,  -0.02000,
,,,0.000050020000,  -0.04000,
,,,0.000050040000,  -0.04000,
,,,0.000050060000,  -0.04000,
,,,0.000050080000,  -0.04000,
,,,0.000050100000,  -0.02000,
,,,0.000050120000,  -0.04000,
,,,0.000050140000,  -0.04000,
,,,0.000050160000,  -0.04000,
,,,0.000050180000,  -0.04000,
,,,0.000050200000,  -0.04000,
,,,0.000050220000,  -0.04000,
,,,0.000050240000,  -0.04000,
,,,0.000050260000,  -0.04000,
,,,0.000050280000,  -0.04000,
,,,0.000050300000,  -0.04000,
,,,0.000050320000,  -0.04000,
,,,0.000050340000,  -0.02000,
,,,0.000050360000,  -0.02000,
,,,0.000050380000,  -0.04000,
,,,0.000050400000,  -0.04000,
,,,0.000050420000,  -0.04000,
,,,0.000050440000,  -0.04000,
,,,0.000050460000,  -0.04000,
,,,0.000050480000,  -0.04000,
,,,0.000050500000,  -0.04000,
,,,0.000050520000,  -0.02000,
,,,0.000050540000,  -0.02000,
,,,0.000050560000,  -0.04000,
,,,0.000050580000,  -0.04000,
,,,0.000050600000,  -0.04000,
,,,0.000050620000,  -0.04000,
,,,0.000050640000,  -0.02000,
,,,0.000050660000,  -0.04000,
,,,0.000050680000,  -0.04000,
,,,0.000050700000,  -0.04000,
,,,0.000050720000,  -0.04000,
,,,0.000050740000,  -0.04000,
,,,0.000050760000,  -0.04000,
,,,0.000050780000,  -0.02000,
,,,0.000050800000,  -0.02000,
,,,0.000050820000,  -0.02000,
,,,0.000050840000,  -0.04000,
,,,0.000050860000,  -0.04000,
,,,0.000050880000,  -0.02000,
,,,0.000050900000,  -0.04000,
,,,0.000050920000,  -0.02000,
,,,0.000050940000,  -0.02000,
,,,0.000050960000,  -0.04000,
,,,0.000050980000,  -0.04000,
,,,0.000051000000,  -0.04000,
,,,0.000051020000,  -0.02000,
,,,0.000051040000,  -0.04000,
,,,0.000051060000,  -0.02000,
,,,0.000051080000,  -0.04000,
,,,0.000051100000,  -0.04000,
,,,0.000051120000,  -0.04000,
,,,0.000051140000,  -0.02000,
,,,0.000051160000,  -0.04000,
,,,0.000051180000,  -0.04000,
