Record Length,2.500000e+03,,  -0.000001000000,  -0.04000,
Sample Interval,1.000000e-07,,  -0.000000900000,  -0.04000,
Trigger Point,1.000000000000e+01,,  -0.000000800000,  -0.04000,
,,,  -0.000000700000,  -0.02000,
,,,  -0.000000600000,  -0.04000,
,,,  -0.000000500000,  -0.02000,
Source,CH1,,  -0.000000400000,  -0.04000,
Vertical Units,V,,  -0.000000300000,  -0.04000,
Vertical Scale,5.000000e-01,,  -0.000000200000,  -0.02000,
Vertical Offset,-1.680000e+00,,  -0.000000100000,  -0.04000,
Horizontal Units,s,,   0.000000000000,  -0.02000,
Horizontal Scale,2.500000e-05,,   0.000000100000,  -0.02000,
Pt Fmt,Y,,   0.000000200000,  -0.04000,
Yzero,0.000000e+00,,   0.000000300000,  -0.04000,
Probe Atten,1.000000e+00,,   0.000000400000,  -0.04000,
Model Number,TDS2012B,,   0.000000500000,  -0.02000,
Serial Number,C102526,,   0.000000600000,  -0.02000,
Firmware Version,FV:v22.11,,   0.000000700000,  -0.04000,
,,,0.000000800000,  -0.04000,
,,,0.000000900000,  -0.04000,
,,,0.000001000000,  -0.04000,
,,,0.000001100000,  -0.04000,
,,,0.000001200000,  -0.02000,
,,,0.000001300000,  -0.02000,
,,,0.000001400000,  -0.04000,
,,,0.000001500000,  -0.02000,
,,,0.000001600000,  -0.04000,
,,,0.000001700000,  -0.02000,
,,,0.000001800000,  -0.04000,
,,,0.000001900000,  -0.04000,
,,,0.000002000000,  -0.04000,
,,,0.000002100000,  -0.04000,
,,,0.000002200000,  -0.04000,
,,,0.000002300000,  -0.02000,
,,,0.000002400000,  -0.04000,
,,,0.000002500000,  -0.02000,
,,,0.000002600000,  -0.04000,
,,,0.000002700000,  -0.04000,
,,,0.000002800000,  -0.02000,
,,,0.000002900000,  -0.02000,
,,,0.000003000000,  -0.04000,
,,,0.000003100000,  -0.04000,
,,,0.000003200000,  -0.04000,
,,,0.000003300000,  -0.02000,
,,,0.000003400000,  -0.02000,
,,,0.000003500000,  -0.04000,
,,,0.000003600000,  -0.04000,
,,,0.000003700000,  -0.04000,
,,,0.000003800000,  -0.04000,
,,,0.000003900000,  -0.04000,
,,,0.000004000000,  -0.04000,
,,,0.000004100000,  -0.04000,
,,,0.000004200000,  -0.04000,
,,,0.000004300000,  -0.04000,
,,,0.000004400000,  -0.04000,
,,,0.000004500000,  -0.04000,
,,,0.000004600000,  -0.04000,
,,,0.000004700000,  -0.04000,
,,,0.000004800000,  -0.02000,
,,,0.000004900000,  -0.02000,
,,,0.000005000000,  -0.04000,
,,,0.000005100000,   2.32000,
,,,0.000005200000,   4.10000,
,,,0.000005300000,   4.08000,
,,,0.000005400000,   4.18000,
,,,0.000005500000,   4.22000,
,,,0.000005600000,   4.22000,
,,,0.000005700000,   4.22000,
,,,0.000005800000,   4.22000,
,,,0.000005900000,   4.22000,
,,,0.000006000000,   4.22000,
,,,0.000006100000,   4.22000,
,,,0.000006200000,   4.22000,
,,,0.000006300000,   4.22000,
,,,0.000006400000,   4.22000,
,,,0.000006500000,   4.22000,
,,,0.000006600000,   4.22000,
,,,0.000006700000,   4.22000,
,,,0.000006800000,   4.22000,
,,,0.000006900000,   4.18000,
,,,0.000007000000,   4.22000,
,,,0.000007100000,   4.22000,
,,,0.000007200000,   4.22000,
,,,0.000007300000,   4.22000,
,,,0.000007400000,   4.22000,
,,,0.000007500000,   4.22000,
,,,0.000007600000,   4.22000,
,,,0.000007700000,   4.22000,
,,,0.000007800000,   4.22000,
,,,0.000007900000,   4.22000,
,,,0.000008000000,   4.18000,
,,,0.000008100000,   3.64000,
,,,0.000008200000,   3.32000,
,,,0.000008300000,   2.82000,
,,,0.000008400000,   2.56000,
,,,0.000008500000,   2.14000,
,,,0.000008600000,   1.86000,
,,,0.000008700000,   1.50000,
,,,0.000008800000,   1.22000,
,,,0.000008900000,   0.92000,
,,,0.000009000000,   0.68000,
,,,0.000009100000,   0.40000,
,,,0.000009200000,   0.20000,
,,,0.000009300000,   0.10000,
,,,0.000009400000,   0.16000,
,,,0.000009500000,   0.16000,
,,,0.000009600000,   0.30000,
,,,0.000009700000,   0.40000,
,,,0.000009800000,   0.64000,
,,,0.000009900000,   0.64000,
,,,0.000010000000,   1.02000,
,,,0.000010100000,   0.74000,
,,,0.000010200000,   0.96000,
,,,0.000010300000,   0.68000,
,,,0.000010400000,   0.62000,
,,,0.000010500000,   0.38000,
,,,0.000010600000,   0.20000,
,,,0.000010700000,   0.04000,
,,,0.000010800000,  -0.02000,
,,,0.000010900000,  -0.04000,
,,,0.000011000000,  -0.02000,
,,,0.000011100000,  -0.04000,
,,,0.000011200000,  -0.04000,
,,,0.000011300000,  -0.04000,
,,,0.000011400000,  -0.02000,
,,,0.000011500000,  -0.04000,
,,,0.000011600000,  -0.02000,
,,,0.000011700000,  -0.02000,
,,,0.000011800000,  -0.04000,
,,,0.000011900000,  -0.02000,
,,,0.000012000000,  -0.02000,
,,,0.000012100000,  -0.02000,
,,,0.000012200000,  -0.02000,
,,,0.000012300000,  -0.02000,
,,,0.000012400000,  -0.02000,
,,,0.000012500000,  -0.04000,
,,,0.000012600000,  -0.02000,
,,,0.000012700000,  -0.02000,
,,,0.000012800000,  -0.02000,
,,,0.000012900000,  -0.02000,
,,,0.000013000000,  -0.02000,
,,,0.000013100000,  -0.04000,
,,,0.000013200000,  -0.02000,
,,,0.000013300000,  -0.04000,
,,,0.000013400000,  -0.02000,
,,,0.000013500000,  -0.02000,
,,,0.000013600000,  -0.02000,
,,,0.000013700000,  -0.02000,
,,,0.000013800000,  -0.02000,
,,,0.000013900000,  -0.02000,
,,,0.000014000000,  -0.04000,
,,,0.000014100000,  -0.04000,
,,,0.000014200000,  -0.04000,
,,,0.000014300000,  -0.04000,
,,,0.000014400000,  -0.04000,
,,,0.000014500000,  -0.02000,
,,,0.000014600000,  -0.02000,
,,,0.000014700000,  -0.02000,
,,,0.000014800000,  -0.02000,
,,,0.000014900000,  -0.02000,
,,,0.000015000000,  -0.04000,
,,,0.000015100000,  -0.04000,
,,,0.000015200000,  -0.04000,
,,,0.000015300000,  -0.02000,
,,,0.000015400000,  -0.04000,
,,,0.000015500000,  -0.04000,
,,,0.000015600000,  -0.04000,
,,,0.000015700000,  -0.04000,
,,,0.000015800000,  -0.02000,
,,,0.000015900000,  -0.04000,
,,,0.000016000000,  -0.04000,
,,,0.000016100000,  -0.02000,
,,,0.000016200000,  -0.02000,
,,,0.000016300000,  -0.04000,
,,,0.000016400000,  -0.04000,
,,,0.000016500000,  -0.04000,
,,,0.000016600000,  -0.02000,
,,,0.000016700000,  -0.04000,
,,,0.000016800000,  -0.04000,
,,,0.000016900000,  -0.04000,
,,,0.000017000000,  -0.02000,
,,,0.000017100000,  -0.02000,
,,,0.000017200000,  -0.04000,
,,,0.000017300000,  -0.04000,
,,,0.000017400000,  -0.04000,
,,,0.000017500000,  -0.04000,
,,,0.000017600000,  -0.02000,
,,,0.000017700000,  -0.02000,
,,,0.000017800000,  -0.04000,
,,,0.000017900000,  -0.04000,
,,,0.000018000000,  -0.04000,
,,,0.000018100000,  -0.02000,
,,,0.000018200000,  -0.02000,
,,,0.000018300000,  -0.02000,
,,,0.000018400000,  -0.02000,
,,,0.000018500000,  -0.02000,
,,,0.000018600000,  -0.04000,
,,,0.000018700000,  -0.02000,
,,,0.000018800000,  -0.02000,
,,,0.000018900000,  -0.04000,
,,,0.000019000000,  -0.04000,
,,,0.000019100000,  -0.02000,
,,,0.000019200000,  -0.04000,
,,,0.000019300000,  -0.04000,
,,,0.000019400000,  -0.04000,
,,,0.000019500000,  -0.02000,
,,,0.000019600000,  -0.02000,
,,,0.000019700000,  -0.02000,
,,,0.000019800000,  -0.02000,
,,,0.000019900000,  -0.02000,
,,,0.000020000000,  -0.04000,
,,,0.000020100000,  -0.04000,
,,,0.000020200000,  -0.04000,
,,,0.000020300000,  -0.04000,
,,,0.000020400000,  -0.02000,
,,,0.000020500000,  -0.04000,
,,,0.000020600000,  -0.04000,
,,,0.000020700000,  -0.04000,
,,,0.000020800000,  -0.04000,
,,,0.000020900000,  -0.04000,
,,,0.000021000000,  -0.04000,
,,,0.000021100000,  -0.04000,
,,,0.000021200000,  -0.04000,
,,,0.000021300000,  -0.02000,
,,,0.000021400000,  -0.04000,
,,,0.000021500000,  -0.04000,
,,,0.000021600000,  -0.04000,
,,,0.000021700000,  -0.04000,
,,,0.000021800000,  -0.04000,
,,,0.000021900000,  -0.04000,
,,,0.000022000000,  -0.04000,
,,,0.000022100000,  -0.04000,
,,,0.000022200000,  -0.02000,
,,,0.000022300000,  -0.02000,
,,,0.000022400000,  -0.04000,
,,,0.000022500000,  -0.04000,
,,,0.000022600000,  -0.04000,
,,,0.000022700000,  -0.04000,
,,,0.000022800000,  -0.04000,
,,,0.000022900000,  -0.04000,
,,,0.000023000000,  -0.04000,
,,,0.000023100000,  -0.02000,
,,,0.000023200000,  -0.04000,
,,,0.000023300000,  -0.04000,
,,,0.000023400000,  -0.04000,
,,,0.000023500000,  -0.06000,
,,,0.000023600000,  -0.04000,
,,,0.000023700000,  -0.04000,
,,,0.000023800000,  -0.04000,
,,,0.000023900000,  -0.04000,
,,,0.000024000000,  -0.04000,
,,,0.000024100000,  -0.04000,
,,,0.000024200000,  -0.04000,
,,,0.000024300000,  -0.04000,
,,,0.000024400000,  -0.04000,
,,,0.000024500000,  -0.04000,
,,,0.000024600000,  -0.04000,
,,,0.000024700000,  -0.04000,
,,,0.000024800000,  -0.04000,
,,,0.000024900000,  -0.04000,
,,,0.000025000000,  -0.04000,
,,,0.000025100000,  -0.02000,
,,,0.000025200000,  -0.04000,
,,,0.000025300000,  -0.04000,
,,,0.000025400000,  -0.04000,
,,,0.000025500000,  -0.04000,
,,,0.000025600000,  -0.04000,
,,,0.000025700000,  -0.04000,
,,,0.000025800000,  -0.04000,
,,,0.000025900000,  -0.04000,
,,,0.000026000000,  -0.04000,
,,,0.000026100000,  -0.04000,
,,,0.000026200000,  -0.06000,
,,,0.000026300000,  -0.04000,
,,,0.000026400000,  -0.04000,
,,,0.000026500000,  -0.04000,
,,,0.000026600000,  -0.04000,
,,,0.000026700000,  -0.04000,
,,,0.000026800000,  -0.04000,
,,,0.000026900000,  -0.04000,
,,,0.000027000000,  -0.04000,
,,,0.000027100000,  -0.04000,
,,,0.000027200000,  -0.04000,
,,,0.000027300000,  -0.04000,
,,,0.000027400000,  -0.04000,
,,,0.000027500000,  -0.04000,
,,,0.000027600000,  -0.04000,
,,,0.000027700000,  -0.06000,
,,,0.000027800000,  -0.04000,
,,,0.000027900000,  -0.04000,
,,,0.000028000000,  -0.04000,
,,,0.000028100000,  -0.04000,
,,,0.000028200000,  -0.02000,
,,,0.000028300000,  -0.04000,
,,,0.000028400000,  -0.06000,
,,,0.000028500000,  -0.06000,
,,,0.000028600000,  -0.04000,
,,,0.000028700000,  -0.04000,
,,,0.000028800000,  -0.04000,
,,,0.000028900000,  -0.04000,
,,,0.000029000000,  -0.04000,
,,,0.000029100000,  -0.04000,
,,,0.000029200000,  -0.04000,
,,,0.000029300000,  -0.04000,
,,,0.000029400000,  -0.04000,
,,,0.000029500000,  -0.04000,
,,,0.000029600000,  -0.04000,
,,,0.000029700000,  -0.04000,
,,,0.000029800000,  -0.04000,
,,,0.000029900000,  -0.04000,
,,,0.000030000000,  -0.04000,
,,,0.000030100000,  -0.04000,
,,,0.000030200000,  -0.04000,
,,,0.000030300000,  -0.04000,
,,,0.000030400000,  -0.04000,
,,,0.000030500000,  -0.04000,
,,,0.000030600000,  -0.04000,
,,,0.000030700000,  -0.04000,
,,,0.000030800000,  -0.04000,
,,,0.000030900000,  -0.04000,
,,,0.000031000000,  -0.04000,
,,,0.000031100000,  -0.04000,
,,,0.000031200000,  -0.04000,
,,,0.000031300000,  -0.04000,
,,,0.000031400000,  -0.04000,
,,,0.000031500000,  -0.04000,
,,,0.000031600000,  -0.04000,
,,,0.000031700000,  -0.04000,
,,,0.000031800000,  -0.02000,
,,,0.000031900000,  -0.04000,
,,,0.000032000000,  -0.04000,
,,,0.000032100000,  -0.04000,
,,,0.000032200000,  -0.04000,
,,,0.000032300000,  -0.04000,
,,,0.000032400000,  -0.04000,
,,,0.000032500000,  -0.04000,
,,,0.000032600000,  -0.04000,
,,,0.000032700000,  -0.04000,
,,,0.000032800000,  -0.04000,
,,,0.000032900000,  -0.04000,
,,,0.000033000000,  -0.04000,
,,,0.000033100000,  -0.04000,
,,,0.000033200000,  -0.04000,
,,,0.000033300000,  -0.02000,
,,,0.000033400000,  -0.04000,
,,,0.000033500000,  -0.04000,
,,,0.000033600000,  -0.02000,
,,,0.000033700000,  -0.04000,
,,,0.000033800000,  -0.04000,
,,,0.000033900000,  -0.02000,
,,,0.000034000000,  -0.04000,
,,,0.000034100000,  -0.04000,
,,,0.000034200000,  -0.04000,
,,,0.000034300000,  -0.04000,
,,,0.000034400000,  -0.04000,
,,,0.000034500000,  -0.04000,
,,,0.000034600000,  -0.04000,
,,,0.000034700000,  -0.02000,
,,,0.000034800000,  -0.02000,
,,,0.000034900000,  -0.04000,
,,,0.000035000000,  -0.04000,
,,,0.000035100000,  -0.04000,
,,,0.000035200000,  -0.04000,
,,,0.000035300000,  -0.04000,
,,,0.000035400000,  -0.04000,
,,,0.000035500000,  -0.04000,
,,,0.000035600000,  -0.04000,
,,,0.000035700000,  -0.04000,
,,,0.000035800000,  -0.04000,
,,,0.000035900000,  -0.04000,
,,,0.000036000000,  -0.04000,
,,,0.000036100000,  -0.04000,
,,,0.000036200000,  -0.02000,
,,,0.000036300000,  -0.04000,
,,,0.000036400000,  -0.04000,
,,,0.000036500000,  -0.04000,
,,,0.000036600000,  -0.04000,
,,,0.000036700000,  -0.04000,
,,,0.000036800000,  -0.04000,
,,,0.000036900000,  -0.02000,
,,,0.000037000000,  -0.04000,
,,,0.000037100000,  -0.04000,
,,,0.000037200000,  -0.04000,
,,,0.000037300000,  -0.04000,
,,,0.000037400000,  -0.04000,
,,,0.000037500000,  -0.04000,
,,,0.000037600000,  -0.04000,
,,,0.000037700000,  -0.04000,
,,,0.000037800000,  -0.04000,
,,,0.000037900000,  -0.04000,
,,,0.000038000000,  -0.04000,
,,,0.000038100000,  -0.04000,
,,,0.000038200000,  -0.04000,
,,,0.000038300000,  -0.04000,
,,,0.000038400000,  -0.04000,
,,,0.000038500000,  -0.02000,
,,,0.000038600000,  -0.04000,
,,,0.000038700000,  -0.04000,
,,,0.000038800000,  -0.04000,
,,,0.000038900000,  -0.02000,
,,,0.000039000000,  -0.04000,
,,,0.000039100000,  -0.04000,
,,,0.000039200000,  -0.04000,
,,,0.000039300000,  -0.04000,
,,,0.000039400000,  -0.04000,
,,,0.000039500000,   0.10000,
,,,0.000039600000,   1.52000,
,,,0.000039700000,   2.86000,
,,,0.000039800000,   3.64000,
,,,0.000039900000,   4.04000,
,,,0.000040000000,   4.22000,
,,,0.000040100000,   4.20000,
,,,0.000040200000,   4.22000,
,,,0.000040300000,   4.12000,
,,,0.000040400000,   3.82000,
,,,0.000040500000,   3.42000,
,,,0.000040600000,   2.98000,
,,,0.000040700000,   2.56000,
,,,0.000040800000,   2.30000,
,,,0.000040900000,   1.88000,
,,,0.000041000000,   1.66000,
,,,0.000041100000,   1.32000,
,,,0.000041200000,   1.12000,
,,,0.000041300000,   0.86000,
,,,0.000041400000,   0.56000,
,,,0.000041500000,   0.34000,
,,,0.000041600000,   0.10000,
,,,0.000041700000,  -0.02000,
,,,0.000041800000,  -0.02000,
,,,0.000041900000,  -0.04000,
,,,0.000042000000,  -0.02000,
,,,0.000042100000,  -0.04000,
,,,0.000042200000,  -0.04000,
,,,0.000042300000,  -0.04000,
,,,0.000042400000,  -0.04000,
,,,0.000042500000,  -0.04000,
,,,0.000042600000,  -0.04000,
,,,0.000042700000,  -0.04000,
,,,0.000042800000,  -0.04000,
,,,0.000042900000,  -0.04000,
,,,0.000043000000,  -0.04000,
,,,0.000043100000,  -0.04000,
,,,0.000043200000,  -0.04000,
,,,0.000043300000,  -0.04000,
,,,0.000043400000,  -0.04000,
,,,0.000043500000,  -0.04000,
,,,0.000043600000,  -0.02000,
,,,0.000043700000,  -0.04000,
,,,0.000043800000,  -0.04000,
,,,0.000043900000,  -0.04000,
,,,0.000044000000,  -0.04000,
,,,0.000044100000,  -0.04000,
,,,0.000044200000,  -0.04000,
,,,0.000044300000,  -0.04000,
,,,0.000044400000,  -0.04000,
,,,0.000044500000,  -0.02000,
,,,0.000044600000,  -0.04000,
,,,0.000044700000,  -0.04000,
,,,0.000044800000,  -0.04000,
,,,0.000044900000,  -0.04000,
,,,0.000045000000,  -0.02000,
,,,0.000045100000,  -0.04000,
,,,0.000045200000,  -0.04000,
,,,0.000045300000,  -0.04000,
,,,0.000045400000,  -0.04000,
,,,0.000045500000,  -0.04000,
,,,0.000045600000,  -0.04000,
,,,0.000045700000,  -0.02000,
,,,0.000045800000,  -0.04000,
,,,0.000045900000,  -0.04000,
,,,0.000046000000,  -0.06000,
,,,0.000046100000,  -0.02000,
,,,0.000046200000,  -0.02000,
,,,0.000046300000,   0.00000,
,,,0.000046400000,   0.06000,
,,,0.000046500000,  -0.02000,
,,,0.000046600000,  -0.02000,
,,,0.000046700000,  -0.04000,
,,,0.000046800000,  -0.04000,
,,,0.000046900000,  -0.02000,
,,,0.000047000000,  -0.04000,
,,,0.000047100000,  -0.02000,
,,,0.000047200000,  -0.04000,
,,,0.000047300000,  -0.04000,
,,,0.000047400000,  -0.04000,
,,,0.000047500000,  -0.04000,
,,,0.000047600000,  -0.04000,
,,,0.000047700000,  -0.04000,
,,,0.000047800000,  -0.04000,
,,,0.000047900000,  -0.04000,
,,,0.000048000000,  -0.02000,
,,,0.000048100000,  -0.04000,
,,,0.000048200000,  -0.04000,
,,,0.000048300000,  -0.04000,
,,,0.000048400000,  -0.04000,
,,,0.000048500000,  -0.04000,
,,,0.000048600000,  -0.04000,
,,,0.000048700000,  -0.04000,
,,,0.000048800000,  -0.04000,
,,,0.000048900000,  -0.04000,
,,,0.000049000000,  -0.04000,
,,,0.000049100000,  -0.04000,
,,,0.000049200000,  -0.04000,
,,,0.000049300000,  -0.04000,
,,,0.000049400000,  -0.04000,
,,,0.000049500000,  -0.02000,
,,,0.000049600000,  -0.02000,
,,,0.000049700000,  -0.06000,
,,,0.000049800000,  -0.06000,
,,,0.000049900000,  -0.04000,
,,,0.000050000000,  -0.04000,
,,,0.000050100000,  -0.04000,
,,,0.000050200000,  -0.04000,
,,,0.000050300000,  -0.04000,
,,,0.000050400000,  -0.04000,
,,,0.000050500000,  -0.02000,
,,,0.000050600000,  -0.02000,
,,,0.000050700000,  -0.02000,
,,,0.000050800000,  -0.04000,
,,,0.000050900000,  -0.02000,
,,,0.000051000000,  -0.02000,
,,,0.000051100000,  -0.04000,
,,,0.000051200000,  -0.04000,
,,,0.000051300000,  -0.04000,
,,,0.000051400000,  -0.02000,
,,,0.000051500000,  -0.04000,
,,,0.000051600000,  -0.04000,
,,,0.000051700000,  -0.04000,
,,,0.000051800000,  -0.04000,
,,,0.000051900000,  -0.04000,
,,,0.000052000000,  -0.04000,
,,,0.000052100000,  -0.04000,
,,,0.000052200000,  -0.02000,
,,,0.000052300000,  -0.04000,
,,,0.000052400000,  -0.04000,
,,,0.000052500000,  -0.04000,
,,,0.000052600000,  -0.04000,
,,,0.000052700000,  -0.04000,
,,,0.000052800000,  -0.02000,
,,,0.000052900000,  -0.04000,
,,,0.000053000000,  -0.02000,
,,,0.000053100000,  -0.04000,
,,,0.000053200000,  -0.04000,
,,,0.000053300000,  -0.04000,
,,,0.000053400000,  -0.04000,
,,,0.000053500000,  -0.02000,
,,,0.000053600000,  -0.04000,
,,,0.000053700000,  -0.04000,
,,,0.000053800000,  -0.04000,
,,,0.000053900000,  -0.04000,
,,,0.000054000000,  -0.02000,
,,,0.000054100000,  -0.06000,
,,,0.000054200000,  -0.04000,
,,,0.000054300000,  -0.04000,
,,,0.000054400000,  -0.04000,
,,,0.000054500000,  -0.04000,
,,,0.000054600000,  -0.04000,
,,,0.000054700000,  -0.04000,
,,,0.000054800000,  -0.04000,
,,,0.000054900000,  -0.04000,
,,,0.000055000000,  -0.04000,
,,,0.000055100000,  -0.06000,
,,,0.000055200000,  -0.04000,
,,,0.000055300000,  -0.04000,
,,,0.000055400000,  -0.04000,
,,,0.000055500000,  -0.04000,
,,,0.000055600000,  -0.04000,
,,,0.000055700000,  -0.04000,
,,,0.000055800000,  -0.04000,
,,,0.000055900000,  -0.06000,
,,,0.000056000000,  -0.04000,
,,,0.000056100000,  -0.04000,
,,,0.000056200000,  -0.04000,
,,,0.000056300000,  -0.04000,
,,,0.000056400000,  -0.04000,
,,,0.000056500000,  -0.04000,
,,,0.000056600000,  -0.04000,
,,,0.000056700000,  -0.04000,
,,,0.000056800000,  -0.04000,
,,,0.000056900000,  -0.04000,
,,,0.000057000000,  -0.04000,
,,,0.000057100000,  -0.04000,
,,,0.000057200000,  -0.04000,
,,,0.000057300000,  -0.04000,
,,,0.000057400000,  -0.04000,
,,,0.000057500000,  -0.02000,
,,,0.000057600000,  -0.04000,
,,,0.000057700000,  -0.04000,
,,,0.000057800000,  -0.04000,
,,,0.000057900000,  -0.04000,
,,,0.000058000000,  -0.04000,
,,,0.000058100000,  -0.04000,
,,,0.000058200000,  -0.04000,
,,,0.000058300000,  -0.04000,
,,,0.000058400000,  -0.04000,
,,,0.000058500000,  -0.04000,
,,,0.000058600000,  -0.04000,
,,,0.000058700000,  -0.04000,
,,,0.000058800000,  -0.04000,
,,,0.000058900000,  -0.02000,
,,,0.000059000000,  -0.04000,
,,,0.000059100000,  -0.04000,
,,,0.000059200000,  -0.04000,
,,,0.000059300000,  -0.04000,
,,,0.000059400000,  -0.04000,
,,,0.000059500000,  -0.04000,
,,,0.000059600000,  -0.04000,
,,,0.000059700000,  -0.06000,
,,,0.000059800000,  -0.04000,
,,,0.000059900000,  -0.04000,
,,,0.000060000000,  -0.04000,
,,,0.000060100000,  -0.04000,
,,,0.000060200000,  -0.04000,
,,,0.000060300000,  -0.04000,
,,,0.000060400000,  -0.04000,
,,,0.000060500000,  -0.04000,
,,,0.000060600000,  -0.04000,
,,,0.000060700000,  -0.04000,
,,,0.000060800000,  -0.04000,
,,,0.000060900000,  -0.04000,
,,,0.000061000000,  -0.04000,
,,,0.000061100000,  -0.02000,
,,,0.000061200000,  -0.04000,
,,,0.000061300000,  -0.04000,
,,,0.000061400000,  -0.04000,
,,,0.000061500000,  -0.04000,
,,,0.000061600000,  -0.02000,
,,,0.000061700000,  -0.04000,
,,,0.000061800000,  -0.04000,
,,,0.000061900000,  -0.04000,
,,,0.000062000000,  -0.04000,
,,,0.000062100000,  -0.04000,
,,,0.000062200000,  -0.04000,
,,,0.000062300000,  -0.04000,
,,,0.000062400000,  -0.04000,
,,,0.000062500000,  -0.04000,
,,,0.000062600000,  -0.04000,
,,,0.000062700000,  -0.04000,
,,,0.000062800000,  -0.04000,
,,,0.000062900000,  -0.04000,
,,,0.000063000000,  -0.04000,
,,,0.000063100000,  -0.04000,
,,,0.000063200000,  -0.06000,
,,,0.000063300000,  -0.04000,
,,,0.000063400000,  -0.04000,
,,,0.000063500000,  -0.04000,
,,,0.000063600000,  -0.04000,
,,,0.000063700000,  -0.04000,
,,,0.000063800000,  -0.04000,
,,,0.000063900000,  -0.06000,
,,,0.000064000000,  -0.02000,
,,,0.000064100000,  -0.04000,
,,,0.000064200000,  -0.04000,
,,,0.000064300000,  -0.04000,
,,,0.000064400000,  -0.04000,
,,,0.000064500000,  -0.04000,
,,,0.000064600000,  -0.06000,
,,,0.000064700000,  -0.06000,
,,,0.000064800000,  -0.04000,
,,,0.000064900000,  -0.04000,
,,,0.000065000000,  -0.04000,
,,,0.000065100000,  -0.04000,
,,,0.000065200000,  -0.04000,
,,,0.000065300000,  -0.04000,
,,,0.000065400000,  -0.04000,
,,,0.000065500000,  -0.04000,
,,,0.000065600000,  -0.04000,
,,,0.000065700000,  -0.04000,
,,,0.000065800000,  -0.06000,
,,,0.000065900000,  -0.02000,
,,,0.000066000000,  -0.04000,
,,,0.000066100000,  -0.04000,
,,,0.000066200000,  -0.04000,
,,,0.000066300000,  -0.04000,
,,,0.000066400000,  -0.06000,
,,,0.000066500000,  -0.04000,
,,,0.000066600000,  -0.04000,
,,,0.000066700000,  -0.04000,
,,,0.000066800000,  -0.04000,
,,,0.000066900000,  -0.04000,
,,,0.000067000000,  -0.04000,
,,,0.000067100000,  -0.04000,
,,,0.000067200000,  -0.04000,
,,,0.000067300000,  -0.04000,
,,,0.000067400000,  -0.04000,
,,,0.000067500000,  -0.04000,
,,,0.000067600000,  -0.04000,
,,,0.000067700000,  -0.04000,
,,,0.000067800000,  -0.02000,
,,,0.000067900000,  -0.04000,
,,,0.000068000000,  -0.04000,
,,,0.000068100000,  -0.04000,
,,,0.000068200000,  -0.04000,
,,,0.000068300000,  -0.06000,
,,,0.000068400000,  -0.04000,
,,,0.000068500000,  -0.04000,
,,,0.000068600000,  -0.04000,
,,,0.000068700000,  -0.04000,
,,,0.000068800000,  -0.04000,
,,,0.000068900000,  -0.04000,
,,,0.000069000000,  -0.04000,
,,,0.000069100000,  -0.04000,
,,,0.000069200000,  -0.04000,
,,,0.000069300000,  -0.04000,
,,,0.000069400000,  -0.04000,
,,,0.000069500000,  -0.04000,
,,,0.000069600000,  -0.04000,
,,,0.000069700000,  -0.04000,
,,,0.000069800000,  -0.04000,
,,,0.000069900000,  -0.04000,
,,,0.000070000000,  -0.04000,
,,,0.000070100000,  -0.04000,
,,,0.000070200000,  -0.04000,
,,,0.000070300000,  -0.06000,
,,,0.000070400000,  -0.04000,
,,,0.000070500000,  -0.04000,
,,,0.000070600000,  -0.04000,
,,,0.000070700000,  -0.04000,
,,,0.000070800000,  -0.04000,
,,,0.000070900000,  -0.04000,
,,,0.000071000000,  -0.04000,
,,,0.000071100000,  -0.04000,
,,,0.000071200000,  -0.04000,
,,,0.000071300000,  -0.04000,
,,,0.000071400000,  -0.02000,
,,,0.000071500000,  -0.04000,
,,,0.000071600000,  -0.04000,
,,,0.000071700000,  -0.04000,
,,,0.000071800000,  -0.04000,
,,,0.000071900000,  -0.04000,
,,,0.000072000000,  -0.02000,
,,,0.000072100000,  -0.04000,
,,,0.000072200000,  -0.04000,
,,,0.000072300000,  -0.02000,
,,,0.000072400000,  -0.04000,
,,,0.000072500000,  -0.04000,
,,,0.000072600000,  -0.04000,
,,,0.000072700000,  -0.04000,
,,,0.000072800000,  -0.02000,
,,,0.000072900000,  -0.04000,
,,,0.000073000000,  -0.06000,
,,,0.000073100000,  -0.04000,
,,,0.000073200000,  -0.04000,
,,,0.000073300000,  -0.02000,
,,,0.000073400000,   0.24000,
,,,0.000073500000,   0.74000,
,,,0.000073600000,   2.32000,
,,,0.000073700000,   2.12000,
,,,0.000073800000,   2.00000,
,,,0.000073900000,   1.78000,
,,,0.000074000000,   1.68000,
,,,0.000074100000,   1.30000,
,,,0.000074200000,   1.06000,
,,,0.000074300000,   0.76000,
,,,0.000074400000,   0.52000,
,,,0.000074500000,   0.24000,
,,,0.000074600000,   0.06000,
,,,0.000074700000,   0.00000,
,,,0.000074800000,   0.04000,
,,,0.000074900000,  -0.02000,
,,,0.000075000000,  -0.02000,
,,,0.000075100000,  -0.04000,
,,,0.000075200000,  -0.04000,
,,,0.000075300000,  -0.04000,
,,,0.000075400000,  -0.04000,
,,,0.000075500000,  -0.04000,
,,,0.000075600000,  -0.04000,
,,,0.000075700000,  -0.06000,
,,,0.000075800000,  -0.04000,
,,,0.000075900000,  -0.04000,
,,,0.000076000000,  -0.04000,
,,,0.000076100000,  -0.04000,
,,,0.000076200000,  -0.04000,
,,,0.000076300000,  -0.04000,
,,,0.000076400000,  -0.04000,
,,,0.000076500000,  -0.04000,
,,,0.000076600000,  -0.04000,
,,,0.000076700000,  -0.04000,
,,,0.000076800000,  -0.04000,
,,,0.000076900000,  -0.04000,
,,,0.000077000000,  -0.04000,
,,,0.000077100000,  -0.04000,
,,,0.000077200000,  -0.04000,
,,,0.000077300000,  -0.04000,
,,,0.000077400000,  -0.04000,
,,,0.000077500000,  -0.04000,
,,,0.000077600000,  -0.02000,
,,,0.000077700000,  -0.04000,
,,,0.000077800000,  -0.04000,
,,,0.000077900000,  -0.04000,
,,,0.000078000000,  -0.04000,
,,,0.000078100000,  -0.04000,
,,,0.000078200000,  -0.04000,
,,,0.000078300000,  -0.04000,
,,,0.000078400000,  -0.04000,
,,,0.000078500000,  -0.04000,
,,,0.000078600000,  -0.04000,
,,,0.000078700000,  -0.04000,
,,,0.000078800000,  -0.04000,
,,,0.000078900000,  -0.04000,
,,,0.000079000000,  -0.02000,
,,,0.000079100000,  -0.04000,
,,,0.000079200000,  -0.04000,
,,,0.000079300000,  -0.02000,
,,,0.000079400000,  -0.04000,
,,,0.000079500000,  -0.04000,
,,,0.000079600000,  -0.04000,
,,,0.000079700000,  -0.04000,
,,,0.000079800000,  -0.04000,
,,,0.000079900000,  -0.04000,
,,,0.000080000000,  -0.04000,
,,,0.000080100000,   0.00000,
,,,0.000080200000,  -0.02000,
,,,0.000080300000,   0.00000,
,,,0.000080400000,  -0.02000,
,,,0.000080500000,  -0.04000,
,,,0.000080600000,  -0.04000,
,,,0.000080700000,  -0.04000,
,,,0.000080800000,  -0.04000,
,,,0.000080900000,  -0.04000,
,,,0.000081000000,  -0.02000,
,,,0.000081100000,  -0.04000,
,,,0.000081200000,  -0.04000,
,,,0.000081300000,  -0.04000,
,,,0.000081400000,  -0.04000,
,,,0.000081500000,  -0.04000,
,,,0.000081600000,  -0.04000,
,,,0.000081700000,  -0.04000,
,,,0.000081800000,  -0.04000,
,,,0.000081900000,  -0.04000,
,,,0.000082000000,  -0.04000,
,,,0.000082100000,  -0.04000,
,,,0.000082200000,  -0.04000,
,,,0.000082300000,  -0.04000,
,,,0.000082400000,  -0.04000,
,,,0.000082500000,  -0.04000,
,,,0.000082600000,  -0.04000,
,,,0.000082700000,  -0.04000,
,,,0.000082800000,  -0.04000,
,,,0.000082900000,  -0.04000,
,,,0.000083000000,  -0.04000,
,,,0.000083100000,  -0.04000,
,,,0.000083200000,  -0.04000,
,,,0.000083300000,  -0.04000,
,,,0.000083400000,  -0.04000,
,,,0.000083500000,  -0.02000,
,,,0.000083600000,  -0.04000,
,,,0.000083700000,  -0.04000,
,,,0.000083800000,  -0.04000,
,,,0.000083900000,  -0.04000,
,,,0.000084000000,  -0.04000,
,,,0.000084100000,  -0.02000,
,,,0.000084200000,  -0.02000,
,,,0.000084300000,  -0.04000,
,,,0.000084400000,  -0.04000,
,,,0.000084500000,  -0.02000,
,,,0.000084600000,  -0.04000,
,,,0.000084700000,  -0.04000,
,,,0.000084800000,  -0.04000,
,,,0.000084900000,  -0.04000,
,,,0.000085000000,  -0.04000,
,,,0.000085100000,  -0.02000,
,,,0.000085200000,  -0.04000,
,,,0.000085300000,  -0.04000,
,,,0.000085400000,  -0.04000,
,,,0.000085500000,  -0.04000,
,,,0.000085600000,  -0.06000,
,,,0.000085700000,  -0.02000,
,,,0.000085800000,  -0.04000,
,,,0.000085900000,  -0.04000,
,,,0.000086000000,  -0.04000,
,,,0.000086100000,  -0.04000,
,,,0.000086200000,  -0.04000,
,,,0.000086300000,  -0.04000,
,,,0.000086400000,  -0.04000,
,,,0.000086500000,  -0.04000,
,,,0.000086600000,  -0.04000,
,,,0.000086700000,  -0.04000,
,,,0.000086800000,  -0.04000,
,,,0.000086900000,  -0.04000,
,,,0.000087000000,  -0.04000,
,,,0.000087100000,  -0.04000,
,,,0.000087200000,  -0.04000,
,,,0.000087300000,  -0.04000,
,,,0.000087400000,  -0.04000,
,,,0.000087500000,  -0.04000,
,,,0.000087600000,  -0.04000,
,,,0.000087700000,  -0.04000,
,,,0.000087800000,  -0.04000,
,,,0.000087900000,  -0.04000,
,,,0.000088000000,  -0.04000,
,,,0.000088100000,  -0.04000,
,,,0.000088200000,  -0.04000,
,,,0.000088300000,  -0.04000,
,,,0.000088400000,  -0.04000,
,,,0.000088500000,  -0.04000,
,,,0.000088600000,  -0.04000,
,,,0.000088700000,  -0.04000,
,,,0.000088800000,  -0.04000,
,,,0.000088900000,  -0.04000,
,,,0.000089000000,  -0.04000,
,,,0.000089100000,  -0.04000,
,,,0.000089200000,  -0.04000,
,,,0.000089300000,  -0.04000,
,,,0.000089400000,  -0.04000,
,,,0.000089500000,  -0.04000,
,,,0.000089600000,  -0.04000,
,,,0.000089700000,  -0.04000,
,,,0.000089800000,  -0.04000,
,,,0.000089900000,  -0.04000,
,,,0.000090000000,  -0.04000,
,,,0.000090100000,  -0.04000,
,,,0.000090200000,  -0.04000,
,,,0.000090300000,  -0.04000,
,,,0.000090400000,  -0.04000,
,,,0.000090500000,  -0.04000,
,,,0.000090600000,  -0.04000,
,,,0.000090700000,  -0.04000,
,,,0.000090800000,  -0.04000,
,,,0.000090900000,  -0.04000,
,,,0.000091000000,  -0.04000,
,,,0.000091100000,  -0.04000,
,,,0.000091200000,  -0.04000,
,,,0.000091300000,  -0.04000,
,,,0.000091400000,  -0.04000,
,,,0.000091500000,  -0.04000,
,,,0.000091600000,  -0.04000,
,,,0.000091700000,  -0.02000,
,,,0.000091800000,  -0.02000,
,,,0.000091900000,  -0.04000,
,,,0.000092000000,  -0.04000,
,,,0.000092100000,  -0.04000,
,,,0.000092200000,  -0.04000,
,,,0.000092300000,  -0.04000,
,,,0.000092400000,  -0.04000,
,,,0.000092500000,  -0.04000,
,,,0.000092600000,  -0.04000,
,,,0.000092700000,  -0.04000,
,,,0.000092800000,  -0.04000,
,,,0.000092900000,  -0.04000,
,,,0.000093000000,  -0.04000,
,,,0.000093100000,  -0.04000,
,,,0.000093200000,  -0.02000,
,,,0.000093300000,  -0.04000,
,,,0.000093400000,  -0.04000,
,,,0.000093500000,  -0.02000,
,,,0.000093600000,  -0.04000,
,,,0.000093700000,  -0.04000,
,,,0.000093800000,  -0.04000,
,,,0.000093900000,  -0.04000,
,,,0.000094000000,  -0.02000,
,,,0.000094100000,  -0.04000,
,,,0.000094200000,  -0.04000,
,,,0.000094300000,  -0.02000,
,,,0.000094400000,  -0.04000,
,,,0.000094500000,  -0.02000,
,,,0.000094600000,  -0.04000,
,,,0.000094700000,  -0.04000,
,,,0.000094800000,  -0.04000,
,,,0.000094900000,  -0.04000,
,,,0.000095000000,  -0.04000,
,,,0.000095100000,  -0.04000,
,,,0.000095200000,  -0.04000,
,,,0.000095300000,  -0.04000,
,,,0.000095400000,  -0.06000,
,,,0.000095500000,  -0.06000,
,,,0.000095600000,  -0.04000,
,,,0.000095700000,  -0.02000,
,,,0.000095800000,  -0.04000,
,,,0.000095900000,  -0.04000,
,,,0.000096000000,  -0.02000,
,,,0.000096100000,  -0.04000,
,,,0.000096200000,  -0.04000,
,,,0.000096300000,  -0.04000,
,,,0.000096400000,  -0.04000,
,,,0.000096500000,  -0.04000,
,,,0.000096600000,  -0.04000,
,,,0.000096700000,  -0.04000,
,,,0.000096800000,  -0.04000,
,,,0.000096900000,  -0.04000,
,,,0.000097000000,  -0.04000,
,,,0.000097100000,  -0.02000,
,,,0.000097200000,  -0.04000,
,,,0.000097300000,  -0.04000,
,,,0.000097400000,  -0.04000,
,,,0.000097500000,  -0.04000,
,,,0.000097600000,  -0.04000,
,,,0.000097700000,  -0.04000,
,,,0.000097800000,  -0.04000,
,,,0.000097900000,  -0.04000,
,,,0.000098000000,  -0.04000,
,,,0.000098100000,  -0.04000,
,,,0.000098200000,  -0.02000,
,,,0.000098300000,  -0.02000,
,,,0.000098400000,  -0.04000,
,,,0.000098500000,  -0.02000,
,,,0.000098600000,  -0.04000,
,,,0.000098700000,  -0.04000,
,,,0.000098800000,  -0.04000,
,,,0.000098900000,  -0.04000,
,,,0.000099000000,  -0.04000,
,,,0.000099100000,  -0.04000,
,,,0.000099200000,  -0.04000,
,,,0.000099300000,  -0.04000,
,,,0.000099400000,  -0.04000,
,,,0.000099500000,  -0.06000,
,,,0.000099600000,  -0.04000,
,,,0.000099700000,  -0.04000,
,,,0.000099800000,  -0.04000,
,,,0.000099900000,  -0.04000,
,,,0.000100000000,  -0.04000,
,,,0.000100100000,  -0.04000,
,,,0.000100200000,  -0.04000,
,,,0.000100300000,  -0.04000,
,,,0.000100400000,  -0.04000,
,,,0.000100500000,  -0.04000,
,,,0.000100600000,  -0.04000,
,,,0.000100700000,  -0.04000,
,,,0.000100800000,  -0.04000,
,,,0.000100900000,  -0.04000,
,,,0.000101000000,  -0.04000,
,,,0.000101100000,  -0.04000,
,,,0.000101200000,  -0.04000,
,,,0.000101300000,  -0.04000,
,,,0.000101400000,  -0.04000,
,,,0.000101500000,  -0.04000,
,,,0.000101600000,  -0.04000,
,,,0.000101700000,  -0.04000,
,,,0.000101800000,  -0.04000,
,,,0.000101900000,  -0.04000,
,,,0.000102000000,  -0.04000,
,,,0.000102100000,  -0.04000,
,,,0.000102200000,  -0.04000,
,,,0.000102300000,  -0.04000,
,,,0.000102400000,  -0.04000,
,,,0.000102500000,  -0.04000,
,,,0.000102600000,  -0.04000,
,,,0.000102700000,  -0.04000,
,,,0.000102800000,  -0.04000,
,,,0.000102900000,  -0.04000,
,,,0.000103000000,  -0.04000,
,,,0.000103100000,  -0.04000,
,,,0.000103200000,  -0.04000,
,,,0.000103300000,  -0.04000,
,,,0.000103400000,  -0.04000,
,,,0.000103500000,  -0.04000,
,,,0.000103600000,  -0.04000,
,,,0.000103700000,  -0.04000,
,,,0.000103800000,  -0.04000,
,,,0.000103900000,  -0.04000,
,,,0.000104000000,  -0.04000,
,,,0.000104100000,  -0.04000,
,,,0.000104200000,  -0.04000,
,,,0.000104300000,  -0.04000,
,,,0.000104400000,  -0.04000,
,,,0.000104500000,  -0.04000,
,,,0.000104600000,  -0.04000,
,,,0.000104700000,  -0.04000,
,,,0.000104800000,  -0.04000,
,,,0.000104900000,  -0.04000,
,,,0.000105000000,  -0.04000,
,,,0.000105100000,  -0.04000,
,,,0.000105200000,  -0.04000,
,,,0.000105300000,  -0.04000,
,,,0.000105400000,  -0.04000,
,,,0.000105500000,  -0.04000,
,,,0.000105600000,  -0.04000,
,,,0.000105700000,  -0.04000,
,,,0.000105800000,  -0.04000,
,,,0.000105900000,  -0.04000,
,,,0.000106000000,  -0.04000,
,,,0.000106100000,  -0.04000,
,,,0.000106200000,  -0.04000,
,,,0.000106300000,  -0.06000,
,,,0.000106400000,  -0.04000,
,,,0.000106500000,  -0.04000,
,,,0.000106600000,  -0.04000,
,,,0.000106700000,  -0.04000,
,,,0.000106800000,  -0.04000,
,,,0.000106900000,  -0.04000,
,,,0.000107000000,  -0.04000,
,,,0.000107100000,  -0.04000,
,,,0.000107200000,   0.02000,
,,,0.000107300000,   0.12000,
,,,0.000107400000,   0.88000,
,,,0.000107500000,   0.86000,
,,,0.000107600000,   0.96000,
,,,0.000107700000,   1.00000,
,,,0.000107800000,   0.92000,
,,,0.000107900000,   0.66000,
,,,0.000108000000,   0.50000,
,,,0.000108100000,   0.24000,
,,,0.000108200000,   0.04000,
,,,0.000108300000,  -0.04000,
,,,0.000108400000,  -0.02000,
,,,0.000108500000,  -0.04000,
,,,0.000108600000,  -0.02000,
,,,0.000108700000,  -0.04000,
,,,0.000108800000,  -0.02000,
,,,0.000108900000,  -0.04000,
,,,0.000109000000,  -0.02000,
,,,0.000109100000,  -0.04000,
,,,0.000109200000,  -0.04000,
,,,0.000109300000,  -0.04000,
,,,0.000109400000,  -0.04000,
,,,0.000109500000,  -0.04000,
,,,0.000109600000,  -0.04000,
,,,0.000109700000,  -0.04000,
,,,0.000109800000,  -0.04000,
,,,0.000109900000,  -0.04000,
,,,0.000110000000,  -0.04000,
,,,0.000110100000,  -0.04000,
,,,0.000110200000,  -0.04000,
,,,0.000110300000,  -0.04000,
,,,0.000110400000,  -0.04000,
,,,0.000110500000,  -0.04000,
,,,0.000110600000,  -0.04000,
,,,0.000110700000,  -0.04000,
,,,0.000110800000,  -0.04000,
,,,0.000110900000,  -0.04000,
,,,0.000111000000,  -0.04000,
,,,0.000111100000,  -0.04000,
,,,0.000111200000,  -0.04000,
,,,0.000111300000,  -0.04000,
,,,0.000111400000,  -0.02000,
,,,0.000111500000,  -0.04000,
,,,0.000111600000,  -0.04000,
,,,0.000111700000,  -0.04000,
,,,0.000111800000,  -0.04000,
,,,0.000111900000,  -0.04000,
,,,0.000112000000,  -0.04000,
,,,0.000112100000,  -0.04000,
,,,0.000112200000,  -0.04000,
,,,0.000112300000,  -0.04000,
,,,0.000112400000,  -0.04000,
,,,0.000112500000,  -0.02000,
,,,0.000112600000,  -0.06000,
,,,0.000112700000,  -0.04000,
,,,0.000112800000,  -0.04000,
,,,0.000112900000,  -0.04000,
,,,0.000113000000,  -0.04000,
,,,0.000113100000,  -0.04000,
,,,0.000113200000,  -0.04000,
,,,0.000113300000,  -0.04000,
,,,0.000113400000,  -0.04000,
,,,0.000113500000,  -0.04000,
,,,0.000113600000,  -0.04000,
,,,0.000113700000,  -0.02000,
,,,0.000113800000,  -0.04000,
,,,0.000113900000,  -0.02000,
,,,0.000114000000,  -0.02000,
,,,0.000114100000,  -0.02000,
,,,0.000114200000,  -0.04000,
,,,0.000114300000,  -0.04000,
,,,0.000114400000,  -0.04000,
,,,0.000114500000,  -0.04000,
,,,0.000114600000,  -0.04000,
,,,0.000114700000,  -0.04000,
,,,0.000114800000,  -0.04000,
,,,0.000114900000,  -0.04000,
,,,0.000115000000,  -0.06000,
,,,0.000115100000,  -0.04000,
,,,0.000115200000,  -0.04000,
,,,0.000115300000,  -0.04000,
,,,0.000115400000,  -0.04000,
,,,0.000115500000,  -0.04000,
,,,0.000115600000,  -0.04000,
,,,0.000115700000,  -0.04000,
,,,0.000115800000,  -0.04000,
,,,0.000115900000,  -0.04000,
,,,0.000116000000,  -0.04000,
,,,0.000116100000,  -0.04000,
,,,0.000116200000,  -0.04000,
,,,0.000116300000,  -0.04000,
,,,0.000116400000,  -0.04000,
,,,0.000116500000,  -0.04000,
,,,0.000116600000,  -0.04000,
,,,0.000116700000,  -0.04000,
,,,0.000116800000,  -0.04000,
,,,0.000116900000,  -0.04000,
,,,0.000117000000,  -0.04000,
,,,0.000117100000,  -0.04000,
,,,0.000117200000,  -0.04000,
,,,0.000117300000,  -0.04000,
,,,0.000117400000,  -0.04000,
,,,0.000117500000,  -0.04000,
,,,0.000117600000,  -0.06000,
,,,0.000117700000,  -0.04000,
,,,0.000117800000,  -0.04000,
,,,0.000117900000,  -0.04000,
,,,0.000118000000,  -0.04000,
,,,0.000118100000,  -0.04000,
,,,0.000118200000,  -0.04000,
,,,0.000118300000,  -0.04000,
,,,0.000118400000,  -0.04000,
,,,0.000118500000,  -0.04000,
,,,0.000118600000,  -0.04000,
,,,0.000118700000,  -0.04000,
,,,0.000118800000,  -0.04000,
,,,0.000118900000,  -0.04000,
,,,0.000119000000,  -0.04000,
,,,0.000119100000,  -0.04000,
,,,0.000119200000,  -0.04000,
,,,0.000119300000,  -0.04000,
,,,0.000119400000,  -0.04000,
,,,0.000119500000,  -0.02000,
,,,0.000119600000,  -0.04000,
,,,0.000119700000,  -0.04000,
,,,0.000119800000,  -0.04000,
,,,0.000119900000,  -0.04000,
,,,0.000120000000,  -0.04000,
,,,0.000120100000,  -0.04000,
,,,0.000120200000,  -0.04000,
,,,0.000120300000,  -0.04000,
,,,0.000120400000,  -0.04000,
,,,0.000120500000,  -0.02000,
,,,0.000120600000,  -0.04000,
,,,0.000120700000,  -0.04000,
,,,0.000120800000,  -0.04000,
,,,0.000120900000,  -0.04000,
,,,0.000121000000,  -0.04000,
,,,0.000121100000,  -0.04000,
,,,0.000121200000,  -0.04000,
,,,0.000121300000,  -0.04000,
,,,0.000121400000,  -0.04000,
,,,0.000121500000,  -0.02000,
,,,0.000121600000,  -0.04000,
,,,0.000121700000,  -0.04000,
,,,0.000121800000,  -0.02000,
,,,0.000121900000,  -0.04000,
,,,0.000122000000,  -0.04000,
,,,0.000122100000,  -0.04000,
,,,0.000122200000,  -0.04000,
,,,0.000122300000,  -0.04000,
,,,0.000122400000,  -0.04000,
,,,0.000122500000,  -0.04000,
,,,0.000122600000,  -0.04000,
,,,0.000122700000,  -0.04000,
,,,0.000122800000,  -0.04000,
,,,0.000122900000,  -0.04000,
,,,0.000123000000,  -0.04000,
,,,0.000123100000,  -0.06000,
,,,0.000123200000,  -0.04000,
,,,0.000123300000,  -0.04000,
,,,0.000123400000,  -0.04000,
,,,0.000123500000,  -0.04000,
,,,0.000123600000,  -0.04000,
,,,0.000123700000,  -0.02000,
,,,0.000123800000,  -0.04000,
,,,0.000123900000,  -0.04000,
,,,0.000124000000,  -0.04000,
,,,0.000124100000,  -0.04000,
,,,0.000124200000,  -0.04000,
,,,0.000124300000,  -0.04000,
,,,0.000124400000,  -0.04000,
,,,0.000124500000,  -0.02000,
,,,0.000124600000,  -0.04000,
,,,0.000124700000,  -0.04000,
,,,0.000124800000,  -0.04000,
,,,0.000124900000,  -0.04000,
,,,0.000125000000,  -0.06000,
,,,0.000125100000,  -0.04000,
,,,0.000125200000,  -0.06000,
,,,0.000125300000,  -0.04000,
,,,0.000125400000,  -0.04000,
,,,0.000125500000,  -0.04000,
,,,0.000125600000,  -0.04000,
,,,0.000125700000,  -0.04000,
,,,0.000125800000,  -0.06000,
,,,0.000125900000,  -0.04000,
,,,0.000126000000,  -0.04000,
,,,0.000126100000,  -0.04000,
,,,0.000126200000,  -0.04000,
,,,0.000126300000,  -0.04000,
,,,0.000126400000,  -0.04000,
,,,0.000126500000,  -0.04000,
,,,0.000126600000,  -0.04000,
,,,0.000126700000,  -0.04000,
,,,0.000126800000,  -0.06000,
,,,0.000126900000,  -0.04000,
,,,0.000127000000,  -0.04000,
,,,0.000127100000,  -0.04000,
,,,0.000127200000,  -0.04000,
,,,0.000127300000,  -0.04000,
,,,0.000127400000,  -0.04000,
,,,0.000127500000,  -0.04000,
,,,0.000127600000,  -0.04000,
,,,0.000127700000,  -0.04000,
,,,0.000127800000,  -0.04000,
,,,0.000127900000,  -0.04000,
,,,0.000128000000,  -0.02000,
,,,0.000128100000,  -0.04000,
,,,0.000128200000,  -0.04000,
,,,0.000128300000,  -0.04000,
,,,0.000128400000,  -0.04000,
,,,0.000128500000,  -0.04000,
,,,0.000128600000,  -0.04000,
,,,0.000128700000,  -0.04000,
,,,0.000128800000,  -0.04000,
,,,0.000128900000,  -0.04000,
,,,0.000129000000,  -0.04000,
,,,0.000129100000,  -0.04000,
,,,0.000129200000,  -0.04000,
,,,0.000129300000,  -0.04000,
,,,0.000129400000,  -0.04000,
,,,0.000129500000,  -0.04000,
,,,0.000129600000,  -0.04000,
,,,0.000129700000,  -0.04000,
,,,0.000129800000,  -0.04000,
,,,0.000129900000,  -0.04000,
,,,0.000130000000,  -0.04000,
,,,0.000130100000,  -0.04000,
,,,0.000130200000,  -0.04000,
,,,0.000130300000,  -0.06000,
,,,0.000130400000,  -0.04000,
,,,0.000130500000,  -0.04000,
,,,0.000130600000,  -0.04000,
,,,0.000130700000,  -0.04000,
,,,0.000130800000,  -0.04000,
,,,0.000130900000,  -0.06000,
,,,0.000131000000,  -0.04000,
,,,0.000131100000,  -0.04000,
,,,0.000131200000,  -0.04000,
,,,0.000131300000,  -0.04000,
,,,0.000131400000,  -0.04000,
,,,0.000131500000,  -0.04000,
,,,0.000131600000,  -0.04000,
,,,0.000131700000,  -0.02000,
,,,0.000131800000,  -0.04000,
,,,0.000131900000,  -0.04000,
,,,0.000132000000,  -0.04000,
,,,0.000132100000,  -0.04000,
,,,0.000132200000,  -0.04000,
,,,0.000132300000,  -0.04000,
,,,0.000132400000,  -0.04000,
,,,0.000132500000,  -0.04000,
,,,0.000132600000,  -0.04000,
,,,0.000132700000,  -0.04000,
,,,0.000132800000,  -0.04000,
,,,0.000132900000,  -0.04000,
,,,0.000133000000,  -0.04000,
,,,0.000133100000,  -0.04000,
,,,0.000133200000,  -0.04000,
,,,0.000133300000,  -0.04000,
,,,0.000133400000,  -0.04000,
,,,0.000133500000,  -0.04000,
,,,0.000133600000,  -0.04000,
,,,0.000133700000,  -0.04000,
,,,0.000133800000,  -0.04000,
,,,0.000133900000,  -0.04000,
,,,0.000134000000,  -0.04000,
,,,0.000134100000,  -0.04000,
,,,0.000134200000,  -0.04000,
,,,0.000134300000,  -0.04000,
,,,0.000134400000,  -0.04000,
,,,0.000134500000,  -0.04000,
,,,0.000134600000,  -0.04000,
,,,0.000134700000,  -0.04000,
,,,0.000134800000,  -0.04000,
,,,0.000134900000,  -0.04000,
,,,0.000135000000,  -0.06000,
,,,0.000135100000,  -0.04000,
,,,0.000135200000,  -0.02000,
,,,0.000135300000,  -0.04000,
,,,0.000135400000,  -0.04000,
,,,0.000135500000,  -0.04000,
,,,0.000135600000,  -0.02000,
,,,0.000135700000,  -0.06000,
,,,0.000135800000,  -0.04000,
,,,0.000135900000,  -0.04000,
,,,0.000136000000,  -0.04000,
,,,0.000136100000,  -0.04000,
,,,0.000136200000,  -0.02000,
,,,0.000136300000,  -0.04000,
,,,0.000136400000,  -0.04000,
,,,0.000136500000,  -0.04000,
,,,0.000136600000,  -0.04000,
,,,0.000136700000,  -0.04000,
,,,0.000136800000,  -0.04000,
,,,0.000136900000,  -0.04000,
,,,0.000137000000,  -0.04000,
,,,0.000137100000,  -0.04000,
,,,0.000137200000,  -0.04000,
,,,0.000137300000,  -0.04000,
,,,0.000137400000,  -0.06000,
,,,0.000137500000,  -0.04000,
,,,0.000137600000,  -0.04000,
,,,0.000137700000,  -0.04000,
,,,0.000137800000,  -0.02000,
,,,0.000137900000,  -0.04000,
,,,0.000138000000,  -0.04000,
,,,0.000138100000,  -0.04000,
,,,0.000138200000,  -0.04000,
,,,0.000138300000,  -0.04000,
,,,0.000138400000,  -0.04000,
,,,0.000138500000,  -0.04000,
,,,0.000138600000,  -0.02000,
,,,0.000138700000,  -0.04000,
,,,0.000138800000,  -0.04000,
,,,0.000138900000,  -0.04000,
,,,0.000139000000,  -0.04000,
,,,0.000139100000,  -0.04000,
,,,0.000139200000,  -0.04000,
,,,0.000139300000,  -0.04000,
,,,0.000139400000,  -0.04000,
,,,0.000139500000,  -0.04000,
,,,0.000139600000,  -0.04000,
,,,0.000139700000,  -0.04000,
,,,0.000139800000,  -0.02000,
,,,0.000139900000,  -0.04000,
,,,0.000140000000,  -0.04000,
,,,0.000140100000,  -0.04000,
,,,0.000140200000,  -0.04000,
,,,0.000140300000,  -0.02000,
,,,0.000140400000,  -0.04000,
,,,0.000140500000,  -0.04000,
,,,0.000140600000,  -0.04000,
,,,0.000140700000,  -0.04000,
,,,0.000140800000,  -0.04000,
,,,0.000140900000,  -0.04000,
,,,0.000141000000,  -0.02000,
,,,0.000141100000,   0.20000,
,,,0.000141200000,   0.36000,
,,,0.000141300000,   0.60000,
,,,0.000141400000,   0.78000,
,,,0.000141500000,   0.72000,
,,,0.000141600000,   0.56000,
,,,0.000141700000,   0.32000,
,,,0.000141800000,   0.20000,
,,,0.000141900000,   0.02000,
,,,0.000142000000,  -0.04000,
,,,0.000142100000,  -0.04000,
,,,0.000142200000,  -0.04000,
,,,0.000142300000,  -0.04000,
,,,0.000142400000,  -0.02000,
,,,0.000142500000,  -0.04000,
,,,0.000142600000,  -0.02000,
,,,0.000142700000,  -0.04000,
,,,0.000142800000,  -0.04000,
,,,0.000142900000,  -0.04000,
,,,0.000143000000,  -0.04000,
,,,0.000143100000,  -0.06000,
,,,0.000143200000,  -0.04000,
,,,0.000143300000,  -0.04000,
,,,0.000143400000,  -0.04000,
,,,0.000143500000,  -0.04000,
,,,0.000143600000,  -0.04000,
,,,0.000143700000,  -0.04000,
,,,0.000143800000,  -0.04000,
,,,0.000143900000,  -0.04000,
,,,0.000144000000,  -0.04000,
,,,0.000144100000,  -0.04000,
,,,0.000144200000,  -0.04000,
,,,0.000144300000,  -0.04000,
,,,0.000144400000,  -0.04000,
,,,0.000144500000,  -0.04000,
,,,0.000144600000,  -0.04000,
,,,0.000144700000,  -0.04000,
,,,0.000144800000,  -0.04000,
,,,0.000144900000,  -0.04000,
,,,0.000145000000,  -0.06000,
,,,0.000145100000,  -0.04000,
,,,0.000145200000,  -0.04000,
,,,0.000145300000,  -0.04000,
,,,0.000145400000,  -0.04000,
,,,0.000145500000,  -0.04000,
,,,0.000145600000,  -0.06000,
,,,0.000145700000,  -0.04000,
,,,0.000145800000,  -0.04000,
,,,0.000145900000,  -0.04000,
,,,0.000146000000,  -0.04000,
,,,0.000146100000,  -0.02000,
,,,0.000146200000,  -0.04000,
,,,0.000146300000,  -0.04000,
,,,0.000146400000,  -0.02000,
,,,0.000146500000,  -0.04000,
,,,0.000146600000,  -0.04000,
,,,0.000146700000,  -0.04000,
,,,0.000146800000,  -0.04000,
,,,0.000146900000,  -0.04000,
,,,0.000147000000,  -0.04000,
,,,0.000147100000,  -0.04000,
,,,0.000147200000,  -0.04000,
,,,0.000147300000,  -0.06000,
,,,0.000147400000,  -0.02000,
,,,0.000147500000,  -0.04000,
,,,0.000147600000,  -0.04000,
,,,0.000147700000,  -0.06000,
,,,0.000147800000,  -0.04000,
,,,0.000147900000,  -0.06000,
,,,0.000148000000,  -0.04000,
,,,0.000148100000,  -0.04000,
,,,0.000148200000,  -0.04000,
,,,0.000148300000,  -0.04000,
,,,0.000148400000,  -0.04000,
,,,0.000148500000,  -0.04000,
,,,0.000148600000,  -0.04000,
,,,0.000148700000,  -0.06000,
,,,0.000148800000,  -0.04000,
,,,0.000148900000,  -0.06000,
,,,0.000149000000,  -0.04000,
,,,0.000149100000,  -0.04000,
,,,0.000149200000,  -0.04000,
,,,0.000149300000,  -0.04000,
,,,0.000149400000,  -0.04000,
,,,0.000149500000,  -0.04000,
,,,0.000149600000,  -0.04000,
,,,0.000149700000,  -0.04000,
,,,0.000149800000,  -0.04000,
,,,0.000149900000,  -0.04000,
,,,0.000150000000,  -0.04000,
,,,0.000150100000,  -0.04000,
,,,0.000150200000,  -0.04000,
,,,0.000150300000,  -0.02000,
,,,0.000150400000,  -0.04000,
,,,0.000150500000,  -0.04000,
,,,0.000150600000,  -0.04000,
,,,0.000150700000,  -0.04000,
,,,0.000150800000,  -0.04000,
,,,0.000150900000,  -0.04000,
,,,0.000151000000,  -0.04000,
,,,0.000151100000,  -0.04000,
,,,0.000151200000,  -0.04000,
,,,0.000151300000,  -0.04000,
,,,0.000151400000,  -0.04000,
,,,0.000151500000,  -0.02000,
,,,0.000151600000,  -0.04000,
,,,0.000151700000,  -0.04000,
,,,0.000151800000,  -0.04000,
,,,0.000151900000,  -0.04000,
,,,0.000152000000,  -0.04000,
,,,0.000152100000,  -0.04000,
,,,0.000152200000,  -0.04000,
,,,0.000152300000,  -0.04000,
,,,0.000152400000,  -0.04000,
,,,0.000152500000,  -0.04000,
,,,0.000152600000,  -0.04000,
,,,0.000152700000,  -0.04000,
,,,0.000152800000,  -0.06000,
,,,0.000152900000,  -0.04000,
,,,0.000153000000,  -0.06000,
,,,0.000153100000,  -0.04000,
,,,0.000153200000,  -0.04000,
,,,0.000153300000,  -0.04000,
,,,0.000153400000,  -0.04000,
,,,0.000153500000,  -0.04000,
,,,0.000153600000,  -0.04000,
,,,0.000153700000,  -0.04000,
,,,0.000153800000,  -0.04000,
,,,0.000153900000,  -0.04000,
,,,0.000154000000,  -0.04000,
,,,0.000154100000,  -0.04000,
,,,0.000154200000,  -0.04000,
,,,0.000154300000,  -0.04000,
,,,0.000154400000,  -0.04000,
,,,0.000154500000,  -0.04000,
,,,0.000154600000,  -0.04000,
,,,0.000154700000,  -0.06000,
,,,0.000154800000,  -0.04000,
,,,0.000154900000,  -0.04000,
,,,0.000155000000,  -0.04000,
,,,0.000155100000,  -0.04000,
,,,0.000155200000,  -0.04000,
,,,0.000155300000,  -0.04000,
,,,0.000155400000,  -0.02000,
,,,0.000155500000,  -0.06000,
,,,0.000155600000,  -0.04000,
,,,0.000155700000,  -0.04000,
,,,0.000155800000,  -0.04000,
,,,0.000155900000,  -0.04000,
,,,0.000156000000,  -0.02000,
,,,0.000156100000,  -0.04000,
,,,0.000156200000,  -0.04000,
,,,0.000156300000,  -0.04000,
,,,0.000156400000,  -0.04000,
,,,0.000156500000,  -0.04000,
,,,0.000156600000,  -0.04000,
,,,0.000156700000,  -0.04000,
,,,0.000156800000,  -0.04000,
,,,0.000156900000,  -0.04000,
,,,0.000157000000,  -0.04000,
,,,0.000157100000,  -0.06000,
,,,0.000157200000,  -0.04000,
,,,0.000157300000,  -0.04000,
,,,0.000157400000,  -0.06000,
,,,0.000157500000,  -0.04000,
,,,0.000157600000,  -0.04000,
,,,0.000157700000,  -0.04000,
,,,0.000157800000,  -0.04000,
,,,0.000157900000,  -0.04000,
,,,0.000158000000,  -0.04000,
,,,0.000158100000,  -0.04000,
,,,0.000158200000,  -0.04000,
,,,0.000158300000,  -0.04000,
,,,0.000158400000,  -0.02000,
,,,0.000158500000,  -0.04000,
,,,0.000158600000,  -0.04000,
,,,0.000158700000,  -0.04000,
,,,0.000158800000,  -0.04000,
,,,0.000158900000,  -0.04000,
,,,0.000159000000,  -0.04000,
,,,0.000159100000,  -0.02000,
,,,0.000159200000,  -0.06000,
,,,0.000159300000,  -0.04000,
,,,0.000159400000,  -0.04000,
,,,0.000159500000,  -0.04000,
,,,0.000159600000,  -0.04000,
,,,0.000159700000,  -0.04000,
,,,0.000159800000,  -0.04000,
,,,0.000159900000,  -0.04000,
,,,0.000160000000,  -0.04000,
,,,0.000160100000,  -0.04000,
,,,0.000160200000,  -0.04000,
,,,0.000160300000,  -0.04000,
,,,0.000160400000,  -0.04000,
,,,0.000160500000,  -0.04000,
,,,0.000160600000,  -0.04000,
,,,0.000160700000,  -0.04000,
,,,0.000160800000,  -0.04000,
,,,0.000160900000,  -0.04000,
,,,0.000161000000,  -0.04000,
,,,0.000161100000,  -0.04000,
,,,0.000161200000,  -0.04000,
,,,0.000161300000,  -0.04000,
,,,0.000161400000,  -0.04000,
,,,0.000161500000,  -0.04000,
,,,0.000161600000,  -0.04000,
,,,0.000161700000,  -0.04000,
,,,0.000161800000,  -0.04000,
,,,0.000161900000,  -0.04000,
,,,0.000162000000,  -0.04000,
,,,0.000162100000,  -0.04000,
,,,0.000162200000,  -0.04000,
,,,0.000162300000,  -0.04000,
,,,0.000162400000,  -0.04000,
,,,0.000162500000,  -0.04000,
,,,0.000162600000,  -0.04000,
,,,0.000162700000,  -0.04000,
,,,0.000162800000,  -0.04000,
,,,0.000162900000,  -0.04000,
,,,0.000163000000,  -0.04000,
,,,0.000163100000,  -0.04000,
,,,0.000163200000,  -0.02000,
,,,0.000163300000,  -0.04000,
,,,0.000163400000,  -0.04000,
,,,0.000163500000,  -0.04000,
,,,0.000163600000,  -0.04000,
,,,0.000163700000,  -0.04000,
,,,0.000163800000,  -0.04000,
,,,0.000163900000,  -0.04000,
,,,0.000164000000,  -0.04000,
,,,0.000164100000,  -0.04000,
,,,0.000164200000,  -0.04000,
,,,0.000164300000,  -0.04000,
,,,0.000164400000,  -0.04000,
,,,0.000164500000,  -0.04000,
,,,0.000164600000,  -0.04000,
,,,0.000164700000,  -0.04000,
,,,0.000164800000,  -0.06000,
,,,0.000164900000,  -0.04000,
,,,0.000165000000,  -0.04000,
,,,0.000165100000,  -0.04000,
,,,0.000165200000,  -0.04000,
,,,0.000165300000,  -0.04000,
,,,0.000165400000,  -0.04000,
,,,0.000165500000,  -0.04000,
,,,0.000165600000,  -0.04000,
,,,0.000165700000,  -0.04000,
,,,0.000165800000,  -0.04000,
,,,0.000165900000,  -0.06000,
,,,0.000166000000,  -0.04000,
,,,0.000166100000,  -0.04000,
,,,0.000166200000,  -0.04000,
,,,0.000166300000,  -0.04000,
,,,0.000166400000,  -0.06000,
,,,0.000166500000,  -0.04000,
,,,0.000166600000,  -0.04000,
,,,0.000166700000,  -0.04000,
,,,0.000166800000,  -0.04000,
,,,0.000166900000,  -0.04000,
,,,0.000167000000,  -0.04000,
,,,0.000167100000,  -0.04000,
,,,0.000167200000,  -0.04000,
,,,0.000167300000,  -0.04000,
,,,0.000167400000,  -0.04000,
,,,0.000167500000,  -0.04000,
,,,0.000167600000,  -0.04000,
,,,0.000167700000,  -0.04000,
,,,0.000167800000,  -0.04000,
,,,0.000167900000,  -0.04000,
,,,0.000168000000,  -0.04000,
,,,0.000168100000,  -0.04000,
,,,0.000168200000,  -0.04000,
,,,0.000168300000,  -0.04000,
,,,0.000168400000,  -0.04000,
,,,0.000168500000,  -0.04000,
,,,0.000168600000,  -0.04000,
,,,0.000168700000,  -0.04000,
,,,0.000168800000,  -0.04000,
,,,0.000168900000,  -0.02000,
,,,0.000169000000,  -0.04000,
,,,0.000169100000,  -0.02000,
,,,0.000169200000,  -0.04000,
,,,0.000169300000,  -0.04000,
,,,0.000169400000,  -0.04000,
,,,0.000169500000,  -0.02000,
,,,0.000169600000,  -0.02000,
,,,0.000169700000,  -0.06000,
,,,0.000169800000,  -0.02000,
,,,0.000169900000,  -0.04000,
,,,0.000170000000,  -0.04000,
,,,0.000170100000,  -0.02000,
,,,0.000170200000,  -0.04000,
,,,0.000170300000,  -0.04000,
,,,0.000170400000,  -0.04000,
,,,0.000170500000,  -0.04000,
,,,0.000170600000,  -0.04000,
,,,0.000170700000,  -0.04000,
,,,0.000170800000,  -0.04000,
,,,0.000170900000,  -0.06000,
,,,0.000171000000,  -0.04000,
,,,0.000171100000,  -0.04000,
,,,0.000171200000,  -0.04000,
,,,0.000171300000,  -0.04000,
,,,0.000171400000,  -0.04000,
,,,0.000171500000,  -0.04000,
,,,0.000171600000,  -0.04000,
,,,0.000171700000,  -0.04000,
,,,0.000171800000,  -0.04000,
,,,0.000171900000,  -0.04000,
,,,0.000172000000,  -0.04000,
,,,0.000172100000,  -0.04000,
,,,0.000172200000,  -0.04000,
,,,0.000172300000,  -0.02000,
,,,0.000172400000,  -0.04000,
,,,0.000172500000,  -0.04000,
,,,0.000172600000,  -0.04000,
,,,0.000172700000,  -0.04000,
,,,0.000172800000,  -0.04000,
,,,0.000172900000,  -0.04000,
,,,0.000173000000,  -0.04000,
,,,0.000173100000,  -0.04000,
,,,0.000173200000,  -0.02000,
,,,0.000173300000,  -0.02000,
,,,0.000173400000,  -0.04000,
,,,0.000173500000,  -0.04000,
,,,0.000173600000,  -0.02000,
,,,0.000173700000,  -0.04000,
,,,0.000173800000,  -0.04000,
,,,0.000173900000,  -0.04000,
,,,0.000174000000,  -0.04000,
,,,0.000174100000,  -0.04000,
,,,0.000174200000,  -0.02000,
,,,0.000174300000,  -0.04000,
,,,0.000174400000,  -0.04000,
,,,0.000174500000,  -0.04000,
,,,0.000174600000,  -0.04000,
,,,0.000174700000,  -0.06000,
,,,0.000174800000,  -0.04000,
,,,0.000174900000,   0.04000,
,,,0.000175000000,   0.12000,
,,,0.000175100000,   0.26000,
,,,0.000175200000,   0.74000,
,,,0.000175300000,   0.54000,
,,,0.000175400000,   0.44000,
,,,0.000175500000,   0.24000,
,,,0.000175600000,   0.12000,
,,,0.000175700000,   0.00000,
,,,0.000175800000,  -0.02000,
,,,0.000175900000,  -0.04000,
,,,0.000176000000,  -0.04000,
,,,0.000176100000,  -0.04000,
,,,0.000176200000,  -0.04000,
,,,0.000176300000,  -0.06000,
,,,0.000176400000,  -0.04000,
,,,0.000176500000,  -0.04000,
,,,0.000176600000,  -0.02000,
,,,0.000176700000,  -0.04000,
,,,0.000176800000,  -0.04000,
,,,0.000176900000,  -0.04000,
,,,0.000177000000,  -0.04000,
,,,0.000177100000,  -0.04000,
,,,0.000177200000,  -0.04000,
,,,0.000177300000,  -0.04000,
,,,0.000177400000,  -0.04000,
,,,0.000177500000,  -0.04000,
,,,0.000177600000,  -0.04000,
,,,0.000177700000,  -0.02000,
,,,0.000177800000,  -0.04000,
,,,0.000177900000,  -0.04000,
,,,0.000178000000,  -0.02000,
,,,0.000178100000,  -0.04000,
,,,0.000178200000,  -0.02000,
,,,0.000178300000,  -0.04000,
,,,0.000178400000,  -0.04000,
,,,0.000178500000,  -0.04000,
,,,0.000178600000,  -0.04000,
,,,0.000178700000,  -0.04000,
,,,0.000178800000,  -0.04000,
,,,0.000178900000,  -0.04000,
,,,0.000179000000,  -0.04000,
,,,0.000179100000,  -0.04000,
,,,0.000179200000,  -0.02000,
,,,0.000179300000,  -0.04000,
,,,0.000179400000,  -0.04000,
,,,0.000179500000,  -0.04000,
,,,0.000179600000,  -0.04000,
,,,0.000179700000,  -0.04000,
,,,0.000179800000,  -0.04000,
,,,0.000179900000,  -0.02000,
,,,0.000180000000,  -0.04000,
,,,0.000180100000,  -0.06000,
,,,0.000180200000,  -0.04000,
,,,0.000180300000,  -0.04000,
,,,0.000180400000,  -0.04000,
,,,0.000180500000,  -0.02000,
,,,0.000180600000,  -0.04000,
,,,0.000180700000,  -0.04000,
,,,0.000180800000,  -0.04000,
,,,0.000180900000,  -0.04000,
,,,0.000181000000,  -0.04000,
,,,0.000181100000,  -0.04000,
,,,0.000181200000,  -0.04000,
,,,0.000181300000,  -0.04000,
,,,0.000181400000,  -0.04000,
,,,0.000181500000,  -0.04000,
,,,0.000181600000,  -0.04000,
,,,0.000181700000,  -0.04000,
,,,0.000181800000,  -0.04000,
,,,0.000181900000,  -0.04000,
,,,0.000182000000,  -0.04000,
,,,0.000182100000,  -0.04000,
,,,0.000182200000,  -0.04000,
,,,0.000182300000,  -0.04000,
,,,0.000182400000,  -0.04000,
,,,0.000182500000,  -0.04000,
,,,0.000182600000,  -0.04000,
,,,0.000182700000,  -0.04000,
,,,0.000182800000,  -0.04000,
,,,0.000182900000,  -0.04000,
,,,0.000183000000,  -0.04000,
,,,0.000183100000,  -0.04000,
,,,0.000183200000,  -0.04000,
,,,0.000183300000,  -0.04000,
,,,0.000183400000,  -0.04000,
,,,0.000183500000,  -0.04000,
,,,0.000183600000,  -0.04000,
,,,0.000183700000,  -0.02000,
,,,0.000183800000,  -0.04000,
,,,0.000183900000,  -0.04000,
,,,0.000184000000,  -0.04000,
,,,0.000184100000,  -0.04000,
,,,0.000184200000,  -0.04000,
,,,0.000184300000,  -0.02000,
,,,0.000184400000,  -0.04000,
,,,0.000184500000,  -0.04000,
,,,0.000184600000,  -0.04000,
,,,0.000184700000,  -0.04000,
,,,0.000184800000,  -0.02000,
,,,0.000184900000,  -0.04000,
,,,0.000185000000,  -0.04000,
,,,0.000185100000,  -0.04000,
,,,0.000185200000,  -0.04000,
,,,0.000185300000,  -0.04000,
,,,0.000185400000,  -0.04000,
,,,0.000185500000,  -0.04000,
,,,0.000185600000,  -0.04000,
,,,0.000185700000,  -0.04000,
,,,0.000185800000,  -0.04000,
,,,0.000185900000,  -0.04000,
,,,0.000186000000,  -0.04000,
,,,0.000186100000,  -0.04000,
,,,0.000186200000,  -0.04000,
,,,0.000186300000,  -0.04000,
,,,0.000186400000,  -0.04000,
,,,0.000186500000,  -0.04000,
,,,0.000186600000,  -0.04000,
,,,0.000186700000,  -0.04000,
,,,0.000186800000,  -0.04000,
,,,0.000186900000,  -0.04000,
,,,0.000187000000,  -0.04000,
,,,0.000187100000,  -0.04000,
,,,0.000187200000,  -0.04000,
,,,0.000187300000,  -0.04000,
,,,0.000187400000,  -0.04000,
,,,0.000187500000,  -0.04000,
,,,0.000187600000,  -0.04000,
,,,0.000187700000,  -0.06000,
,,,0.000187800000,  -0.04000,
,,,0.000187900000,  -0.04000,
,,,0.000188000000,  -0.04000,
,,,0.000188100000,  -0.04000,
,,,0.000188200000,  -0.04000,
,,,0.000188300000,  -0.04000,
,,,0.000188400000,  -0.06000,
,,,0.000188500000,  -0.04000,
,,,0.000188600000,  -0.02000,
,,,0.000188700000,  -0.06000,
,,,0.000188800000,  -0.04000,
,,,0.000188900000,  -0.04000,
,,,0.000189000000,  -0.04000,
,,,0.000189100000,  -0.04000,
,,,0.000189200000,  -0.04000,
,,,0.000189300000,  -0.04000,
,,,0.000189400000,  -0.04000,
,,,0.000189500000,  -0.04000,
,,,0.000189600000,  -0.04000,
,,,0.000189700000,  -0.04000,
,,,0.000189800000,  -0.04000,
,,,0.000189900000,  -0.04000,
,,,0.000190000000,  -0.04000,
,,,0.000190100000,  -0.04000,
,,,0.000190200000,  -0.04000,
,,,0.000190300000,  -0.04000,
,,,0.000190400000,  -0.04000,
,,,0.000190500000,  -0.04000,
,,,0.000190600000,  -0.04000,
,,,0.000190700000,  -0.04000,
,,,0.000190800000,  -0.04000,
,,,0.000190900000,  -0.04000,
,,,0.000191000000,  -0.04000,
,,,0.000191100000,  -0.04000,
,,,0.000191200000,  -0.04000,
,,,0.000191300000,  -0.04000,
,,,0.000191400000,  -0.04000,
,,,0.000191500000,  -0.04000,
,,,0.000191600000,  -0.04000,
,,,0.000191700000,  -0.04000,
,,,0.000191800000,  -0.06000,
,,,0.000191900000,  -0.04000,
,,,0.000192000000,  -0.04000,
,,,0.000192100000,  -0.02000,
,,,0.000192200000,  -0.04000,
,,,0.000192300000,  -0.04000,
,,,0.000192400000,  -0.04000,
,,,0.000192500000,  -0.04000,
,,,0.000192600000,  -0.04000,
,,,0.000192700000,  -0.04000,
,,,0.000192800000,  -0.04000,
,,,0.000192900000,  -0.04000,
,,,0.000193000000,  -0.04000,
,,,0.000193100000,  -0.02000,
,,,0.000193200000,  -0.04000,
,,,0.000193300000,  -0.04000,
,,,0.000193400000,  -0.04000,
,,,0.000193500000,  -0.06000,
,,,0.000193600000,  -0.04000,
,,,0.000193700000,  -0.04000,
,,,0.000193800000,  -0.02000,
,,,0.000193900000,  -0.04000,
,,,0.000194000000,  -0.04000,
,,,0.000194100000,  -0.04000,
,,,0.000194200000,  -0.04000,
,,,0.000194300000,  -0.04000,
,,,0.000194400000,  -0.06000,
,,,0.000194500000,  -0.04000,
,,,0.000194600000,  -0.04000,
,,,0.000194700000,  -0.04000,
,,,0.000194800000,  -0.04000,
,,,0.000194900000,  -0.04000,
,,,0.000195000000,  -0.04000,
,,,0.000195100000,  -0.04000,
,,,0.000195200000,  -0.06000,
,,,0.000195300000,  -0.04000,
,,,0.000195400000,  -0.04000,
,,,0.000195500000,  -0.04000,
,,,0.000195600000,  -0.04000,
,,,0.000195700000,  -0.04000,
,,,0.000195800000,  -0.04000,
,,,0.000195900000,  -0.02000,
,,,0.000196000000,  -0.04000,
,,,0.000196100000,  -0.06000,
,,,0.000196200000,  -0.02000,
,,,0.000196300000,  -0.04000,
,,,0.000196400000,  -0.04000,
,,,0.000196500000,  -0.04000,
,,,0.000196600000,  -0.04000,
,,,0.000196700000,  -0.04000,
,,,0.000196800000,  -0.04000,
,,,0.000196900000,  -0.04000,
,,,0.000197000000,  -0.04000,
,,,0.000197100000,  -0.04000,
,,,0.000197200000,  -0.04000,
,,,0.000197300000,  -0.02000,
,,,0.000197400000,  -0.04000,
,,,0.000197500000,  -0.04000,
,,,0.000197600000,  -0.04000,
,,,0.000197700000,  -0.04000,
,,,0.000197800000,  -0.04000,
,,,0.000197900000,  -0.04000,
,,,0.000198000000,  -0.04000,
,,,0.000198100000,  -0.04000,
,,,0.000198200000,  -0.04000,
,,,0.000198300000,  -0.04000,
,,,0.000198400000,  -0.04000,
,,,0.000198500000,  -0.04000,
,,,0.000198600000,  -0.02000,
,,,0.000198700000,  -0.02000,
,,,0.000198800000,  -0.04000,
,,,0.000198900000,  -0.04000,
,,,0.000199000000,  -0.04000,
,,,0.000199100000,  -0.04000,
,,,0.000199200000,  -0.02000,
,,,0.000199300000,  -0.04000,
,,,0.000199400000,  -0.04000,
,,,0.000199500000,  -0.04000,
,,,0.000199600000,  -0.04000,
,,,0.000199700000,  -0.04000,
,,,0.000199800000,  -0.04000,
,,,0.000199900000,  -0.02000,
,,,0.000200000000,  -0.04000,
,,,0.000200100000,  -0.04000,
,,,0.000200200000,  -0.04000,
,,,0.000200300000,  -0.04000,
,,,0.000200400000,  -0.04000,
,,,0.000200500000,  -0.02000,
,,,0.000200600000,  -0.04000,
,,,0.000200700000,  -0.04000,
,,,0.000200800000,  -0.04000,
,,,0.000200900000,  -0.04000,
,,,0.000201000000,  -0.04000,
,,,0.000201100000,  -0.06000,
,,,0.000201200000,  -0.04000,
,,,0.000201300000,  -0.04000,
,,,0.000201400000,  -0.04000,
,,,0.000201500000,  -0.04000,
,,,0.000201600000,  -0.04000,
,,,0.000201700000,  -0.04000,
,,,0.000201800000,  -0.06000,
,,,0.000201900000,  -0.04000,
,,,0.000202000000,  -0.04000,
,,,0.000202100000,  -0.04000,
,,,0.000202200000,  -0.04000,
,,,0.000202300000,  -0.04000,
,,,0.000202400000,  -0.04000,
,,,0.000202500000,  -0.04000,
,,,0.000202600000,  -0.04000,
,,,0.000202700000,  -0.04000,
,,,0.000202800000,  -0.02000,
,,,0.000202900000,  -0.04000,
,,,0.000203000000,  -0.04000,
,,,0.000203100000,  -0.04000,
,,,0.000203200000,  -0.04000,
,,,0.000203300000,  -0.04000,
,,,0.000203400000,  -0.04000,
,,,0.000203500000,  -0.04000,
,,,0.000203600000,  -0.04000,
,,,0.000203700000,  -0.04000,
,,,0.000203800000,  -0.02000,
,,,0.000203900000,  -0.04000,
,,,0.000204000000,  -0.02000,
,,,0.000204100000,  -0.04000,
,,,0.000204200000,  -0.04000,
,,,0.000204300000,  -0.04000,
,,,0.000204400000,  -0.06000,
,,,0.000204500000,  -0.04000,
,,,0.000204600000,  -0.02000,
,,,0.000204700000,  -0.04000,
,,,0.000204800000,  -0.04000,
,,,0.000204900000,  -0.04000,
,,,0.000205000000,  -0.04000,
,,,0.000205100000,  -0.04000,
,,,0.000205200000,  -0.04000,
,,,0.000205300000,  -0.04000,
,,,0.000205400000,  -0.04000,
,,,0.000205500000,  -0.04000,
,,,0.000205600000,  -0.04000,
,,,0.000205700000,  -0.04000,
,,,0.000205800000,  -0.04000,
,,,0.000205900000,  -0.04000,
,,,0.000206000000,  -0.04000,
,,,0.000206100000,  -0.04000,
,,,0.000206200000,  -0.04000,
,,,0.000206300000,  -0.04000,
,,,0.000206400000,  -0.04000,
,,,0.000206500000,  -0.04000,
,,,0.000206600000,  -0.04000,
,,,0.000206700000,  -0.04000,
,,,0.000206800000,  -0.04000,
,,,0.000206900000,  -0.04000,
,,,0.000207000000,  -0.04000,
,,,0.000207100000,  -0.04000,
,,,0.000207200000,  -0.04000,
,,,0.000207300000,  -0.04000,
,,,0.000207400000,  -0.04000,
,,,0.000207500000,  -0.04000,
,,,0.000207600000,  -0.04000,
,,,0.000207700000,  -0.04000,
,,,0.000207800000,  -0.04000,
,,,0.000207900000,  -0.02000,
,,,0.000208000000,  -0.04000,
,,,0.000208100000,  -0.04000,
,,,0.000208200000,  -0.04000,
,,,0.000208300000,  -0.04000,
,,,0.000208400000,  -0.04000,
,,,0.000208500000,  -0.02000,
,,,0.000208600000,  -0.04000,
,,,0.000208700000,  -0.02000,
,,,0.000208800000,   0.06000,
,,,0.000208900000,   0.18000,
,,,0.000209000000,   0.54000,
,,,0.000209100000,   0.42000,
,,,0.000209200000,   0.30000,
,,,0.000209300000,   0.22000,
,,,0.000209400000,   0.12000,
,,,0.000209500000,  -0.02000,
,,,0.000209600000,  -0.04000,
,,,0.000209700000,  -0.04000,
,,,0.000209800000,  -0.04000,
,,,0.000209900000,  -0.04000,
,,,0.000210000000,  -0.04000,
,,,0.000210100000,  -0.04000,
,,,0.000210200000,  -0.04000,
,,,0.000210300000,  -0.04000,
,,,0.000210400000,  -0.04000,
,,,0.000210500000,  -0.04000,
,,,0.000210600000,  -0.04000,
,,,0.000210700000,  -0.04000,
,,,0.000210800000,  -0.04000,
,,,0.000210900000,  -0.04000,
,,,0.000211000000,  -0.04000,
,,,0.000211100000,  -0.04000,
,,,0.000211200000,  -0.04000,
,,,0.000211300000,  -0.04000,
,,,0.000211400000,  -0.04000,
,,,0.000211500000,  -0.04000,
,,,0.000211600000,  -0.04000,
,,,0.000211700000,  -0.04000,
,,,0.000211800000,  -0.04000,
,,,0.000211900000,  -0.04000,
,,,0.000212000000,  -0.04000,
,,,0.000212100000,  -0.04000,
,,,0.000212200000,  -0.04000,
,,,0.000212300000,  -0.04000,
,,,0.000212400000,  -0.04000,
,,,0.000212500000,  -0.04000,
,,,0.000212600000,  -0.04000,
,,,0.000212700000,  -0.04000,
,,,0.000212800000,  -0.04000,
,,,0.000212900000,  -0.04000,
,,,0.000213000000,  -0.04000,
,,,0.000213100000,  -0.02000,
,,,0.000213200000,  -0.04000,
,,,0.000213300000,  -0.04000,
,,,0.000213400000,  -0.04000,
,,,0.000213500000,  -0.04000,
,,,0.000213600000,  -0.04000,
,,,0.000213700000,  -0.04000,
,,,0.000213800000,  -0.04000,
,,,0.000213900000,  -0.04000,
,,,0.000214000000,  -0.04000,
,,,0.000214100000,  -0.04000,
,,,0.000214200000,  -0.04000,
,,,0.000214300000,  -0.06000,
,,,0.000214400000,  -0.04000,
,,,0.000214500000,  -0.04000,
,,,0.000214600000,  -0.02000,
,,,0.000214700000,  -0.04000,
,,,0.000214800000,  -0.04000,
,,,0.000214900000,  -0.04000,
,,,0.000215000000,  -0.04000,
,,,0.000215100000,  -0.04000,
,,,0.000215200000,  -0.02000,
,,,0.000215300000,  -0.04000,
,,,0.000215400000,  -0.02000,
,,,0.000215500000,  -0.02000,
,,,0.000215600000,  -0.04000,
,,,0.000215700000,  -0.02000,
,,,0.000215800000,  -0.04000,
,,,0.000215900000,  -0.04000,
,,,0.000216000000,  -0.04000,
,,,0.000216100000,  -0.04000,
,,,0.000216200000,  -0.02000,
,,,0.000216300000,  -0.02000,
,,,0.000216400000,  -0.04000,
,,,0.000216500000,  -0.04000,
,,,0.000216600000,  -0.04000,
,,,0.000216700000,  -0.02000,
,,,0.000216800000,  -0.04000,
,,,0.000216900000,  -0.04000,
,,,0.000217000000,  -0.04000,
,,,0.000217100000,  -0.04000,
,,,0.000217200000,  -0.04000,
,,,0.000217300000,  -0.04000,
,,,0.000217400000,  -0.04000,
,,,0.000217500000,  -0.04000,
,,,0.000217600000,  -0.04000,
,,,0.000217700000,  -0.04000,
,,,0.000217800000,  -0.04000,
,,,0.000217900000,  -0.04000,
,,,0.000218000000,  -0.04000,
,,,0.000218100000,  -0.04000,
,,,0.000218200000,  -0.04000,
,,,0.000218300000,  -0.04000,
,,,0.000218400000,  -0.04000,
,,,0.000218500000,  -0.06000,
,,,0.000218600000,  -0.04000,
,,,0.000218700000,  -0.04000,
,,,0.000218800000,  -0.04000,
,,,0.000218900000,  -0.04000,
,,,0.000219000000,  -0.04000,
,,,0.000219100000,  -0.04000,
,,,0.000219200000,  -0.04000,
,,,0.000219300000,  -0.04000,
,,,0.000219400000,  -0.04000,
,,,0.000219500000,  -0.04000,
,,,0.000219600000,  -0.04000,
,,,0.000219700000,  -0.04000,
,,,0.000219800000,  -0.04000,
,,,0.000219900000,  -0.04000,
,,,0.000220000000,  -0.04000,
,,,0.000220100000,  -0.04000,
,,,0.000220200000,  -0.04000,
,,,0.000220300000,  -0.02000,
,,,0.000220400000,  -0.04000,
,,,0.000220500000,  -0.04000,
,,,0.000220600000,  -0.04000,
,,,0.000220700000,  -0.04000,
,,,0.000220800000,  -0.04000,
,,,0.000220900000,  -0.04000,
,,,0.000221000000,  -0.04000,
,,,0.000221100000,  -0.04000,
,,,0.000221200000,  -0.04000,
,,,0.000221300000,  -0.04000,
,,,0.000221400000,  -0.04000,
,,,0.000221500000,  -0.06000,
,,,0.000221600000,  -0.04000,
,,,0.000221700000,  -0.04000,
,,,0.000221800000,  -0.04000,
,,,0.000221900000,  -0.04000,
,,,0.000222000000,  -0.04000,
,,,0.000222100000,  -0.04000,
,,,0.000222200000,  -0.04000,
,,,0.000222300000,  -0.04000,
,,,0.000222400000,  -0.02000,
,,,0.000222500000,  -0.04000,
,,,0.000222600000,  -0.04000,
,,,0.000222700000,  -0.04000,
,,,0.000222800000,  -0.04000,
,,,0.000222900000,  -0.04000,
,,,0.000223000000,  -0.04000,
,,,0.000223100000,  -0.04000,
,,,0.000223200000,  -0.04000,
,,,0.000223300000,  -0.04000,
,,,0.000223400000,  -0.04000,
,,,0.000223500000,  -0.04000,
,,,0.000223600000,  -0.04000,
,,,0.000223700000,  -0.04000,
,,,0.000223800000,  -0.04000,
,,,0.000223900000,  -0.04000,
,,,0.000224000000,  -0.06000,
,,,0.000224100000,  -0.04000,
,,,0.000224200000,  -0.04000,
,,,0.000224300000,  -0.04000,
,,,0.000224400000,  -0.04000,
,,,0.000224500000,  -0.04000,
,,,0.000224600000,  -0.04000,
,,,0.000224700000,  -0.04000,
,,,0.000224800000,  -0.06000,
,,,0.000224900000,  -0.04000,
,,,0.000225000000,  -0.04000,
,,,0.000225100000,  -0.04000,
,,,0.000225200000,  -0.06000,
,,,0.000225300000,  -0.04000,
,,,0.000225400000,  -0.04000,
,,,0.000225500000,  -0.04000,
,,,0.000225600000,  -0.04000,
,,,0.000225700000,  -0.04000,
,,,0.000225800000,  -0.04000,
,,,0.000225900000,  -0.04000,
,,,0.000226000000,  -0.04000,
,,,0.000226100000,  -0.04000,
,,,0.000226200000,  -0.04000,
,,,0.000226300000,  -0.04000,
,,,0.000226400000,  -0.04000,
,,,0.000226500000,  -0.06000,
,,,0.000226600000,  -0.04000,
,,,0.000226700000,  -0.04000,
,,,0.000226800000,  -0.04000,
,,,0.000226900000,  -0.04000,
,,,0.000227000000,  -0.06000,
,,,0.000227100000,  -0.04000,
,,,0.000227200000,  -0.04000,
,,,0.000227300000,  -0.04000,
,,,0.000227400000,  -0.04000,
,,,0.000227500000,  -0.04000,
,,,0.000227600000,  -0.04000,
,,,0.000227700000,  -0.04000,
,,,0.000227800000,  -0.04000,
,,,0.000227900000,  -0.04000,
,,,0.000228000000,  -0.04000,
,,,0.000228100000,  -0.04000,
,,,0.000228200000,  -0.04000,
,,,0.000228300000,  -0.02000,
,,,0.000228400000,  -0.04000,
,,,0.000228500000,  -0.04000,
,,,0.000228600000,  -0.04000,
,,,0.000228700000,  -0.04000,
,,,0.000228800000,  -0.02000,
,,,0.000228900000,  -0.04000,
,,,0.000229000000,  -0.04000,
,,,0.000229100000,  -0.04000,
,,,0.000229200000,  -0.04000,
,,,0.000229300000,  -0.04000,
,,,0.000229400000,  -0.02000,
,,,0.000229500000,  -0.04000,
,,,0.000229600000,  -0.04000,
,,,0.000229700000,  -0.04000,
,,,0.000229800000,  -0.04000,
,,,0.000229900000,  -0.06000,
,,,0.000230000000,  -0.04000,
,,,0.000230100000,  -0.02000,
,,,0.000230200000,  -0.04000,
,,,0.000230300000,  -0.04000,
,,,0.000230400000,  -0.04000,
,,,0.000230500000,  -0.04000,
,,,0.000230600000,  -0.04000,
,,,0.000230700000,  -0.04000,
,,,0.000230800000,  -0.04000,
,,,0.000230900000,  -0.04000,
,,,0.000231000000,  -0.04000,
,,,0.000231100000,  -0.04000,
,,,0.000231200000,  -0.04000,
,,,0.000231300000,  -0.04000,
,,,0.000231400000,  -0.04000,
,,,0.000231500000,  -0.04000,
,,,0.000231600000,  -0.04000,
,,,0.000231700000,  -0.04000,
,,,0.000231800000,  -0.04000,
,,,0.000231900000,  -0.04000,
,,,0.000232000000,  -0.04000,
,,,0.000232100000,  -0.04000,
,,,0.000232200000,  -0.04000,
,,,0.000232300000,  -0.04000,
,,,0.000232400000,  -0.04000,
,,,0.000232500000,  -0.04000,
,,,0.000232600000,  -0.02000,
,,,0.000232700000,  -0.04000,
,,,0.000232800000,  -0.04000,
,,,0.000232900000,  -0.04000,
,,,0.000233000000,  -0.04000,
,,,0.000233100000,  -0.04000,
,,,0.000233200000,  -0.04000,
,,,0.000233300000,  -0.06000,
,,,0.000233400000,  -0.04000,
,,,0.000233500000,  -0.04000,
,,,0.000233600000,  -0.04000,
,,,0.000233700000,  -0.04000,
,,,0.000233800000,  -0.04000,
,,,0.000233900000,  -0.04000,
,,,0.000234000000,  -0.04000,
,,,0.000234100000,  -0.06000,
,,,0.000234200000,  -0.04000,
,,,0.000234300000,  -0.04000,
,,,0.000234400000,  -0.04000,
,,,0.000234500000,  -0.04000,
,,,0.000234600000,  -0.04000,
,,,0.000234700000,  -0.04000,
,,,0.000234800000,  -0.04000,
,,,0.000234900000,  -0.04000,
,,,0.000235000000,  -0.02000,
,,,0.000235100000,  -0.02000,
,,,0.000235200000,  -0.04000,
,,,0.000235300000,  -0.04000,
,,,0.000235400000,  -0.04000,
,,,0.000235500000,  -0.04000,
,,,0.000235600000,  -0.04000,
,,,0.000235700000,  -0.06000,
,,,0.000235800000,  -0.04000,
,,,0.000235900000,  -0.04000,
,,,0.000236000000,  -0.04000,
,,,0.000236100000,  -0.04000,
,,,0.000236200000,  -0.04000,
,,,0.000236300000,  -0.04000,
,,,0.000236400000,  -0.04000,
,,,0.000236500000,  -0.04000,
,,,0.000236600000,  -0.04000,
,,,0.000236700000,  -0.04000,
,,,0.000236800000,  -0.02000,
,,,0.000236900000,  -0.04000,
,,,0.000237000000,  -0.04000,
,,,0.000237100000,  -0.04000,
,,,0.000237200000,  -0.04000,
,,,0.000237300000,  -0.04000,
,,,0.000237400000,  -0.04000,
,,,0.000237500000,  -0.02000,
,,,0.000237600000,  -0.04000,
,,,0.000237700000,  -0.04000,
,,,0.000237800000,  -0.04000,
,,,0.000237900000,  -0.04000,
,,,0.000238000000,  -0.04000,
,,,0.000238100000,  -0.04000,
,,,0.000238200000,  -0.04000,
,,,0.000238300000,  -0.02000,
,,,0.000238400000,  -0.04000,
,,,0.000238500000,  -0.04000,
,,,0.000238600000,  -0.04000,
,,,0.000238700000,  -0.04000,
,,,0.000238800000,  -0.04000,
,,,0.000238900000,  -0.04000,
,,,0.000239000000,  -0.04000,
,,,0.000239100000,  -0.04000,
,,,0.000239200000,  -0.04000,
,,,0.000239300000,  -0.02000,
,,,0.000239400000,  -0.04000,
,,,0.000239500000,  -0.04000,
,,,0.000239600000,  -0.04000,
,,,0.000239700000,  -0.04000,
,,,0.000239800000,  -0.04000,
,,,0.000239900000,  -0.04000,
,,,0.000240000000,  -0.02000,
,,,0.000240100000,  -0.04000,
,,,0.000240200000,  -0.04000,
,,,0.000240300000,  -0.04000,
,,,0.000240400000,  -0.04000,
,,,0.000240500000,  -0.04000,
,,,0.000240600000,  -0.02000,
,,,0.000240700000,  -0.04000,
,,,0.000240800000,  -0.04000,
,,,0.000240900000,  -0.04000,
,,,0.000241000000,  -0.04000,
,,,0.000241100000,  -0.04000,
,,,0.000241200000,  -0.04000,
,,,0.000241300000,  -0.04000,
,,,0.000241400000,  -0.04000,
,,,0.000241500000,  -0.04000,
,,,0.000241600000,  -0.04000,
,,,0.000241700000,  -0.04000,
,,,0.000241800000,  -0.04000,
,,,0.000241900000,  -0.04000,
,,,0.000242000000,  -0.04000,
,,,0.000242100000,  -0.04000,
,,,0.000242200000,  -0.02000,
,,,0.000242300000,  -0.04000,
,,,0.000242400000,  -0.04000,
,,,0.000242500000,  -0.04000,
,,,0.000242600000,  -0.02000,
,,,0.000242700000,   0.16000,
,,,0.000242800000,   0.18000,
,,,0.000242900000,   0.18000,
,,,0.000243000000,   0.28000,
,,,0.000243100000,   0.16000,
,,,0.000243200000,   0.06000,
,,,0.000243300000,  -0.02000,
,,,0.000243400000,  -0.04000,
,,,0.000243500000,  -0.04000,
,,,0.000243600000,  -0.04000,
,,,0.000243700000,  -0.04000,
,,,0.000243800000,  -0.04000,
,,,0.000243900000,  -0.04000,
,,,0.000244000000,  -0.06000,
,,,0.000244100000,  -0.04000,
,,,0.000244200000,  -0.04000,
,,,0.000244300000,  -0.04000,
,,,0.000244400000,  -0.04000,
,,,0.000244500000,  -0.04000,
,,,0.000244600000,  -0.06000,
,,,0.000244700000,  -0.04000,
,,,0.000244800000,  -0.04000,
,,,0.000244900000,  -0.04000,
,,,0.000245000000,  -0.04000,
,,,0.000245100000,  -0.04000,
,,,0.000245200000,  -0.04000,
,,,0.000245300000,  -0.04000,
,,,0.000245400000,  -0.04000,
,,,0.000245500000,  -0.04000,
,,,0.000245600000,  -0.04000,
,,,0.000245700000,  -0.04000,
,,,0.000245800000,  -0.04000,
,,,0.000245900000,  -0.04000,
,,,0.000246000000,  -0.04000,
,,,0.000246100000,  -0.04000,
,,,0.000246200000,  -0.04000,
,,,0.000246300000,  -0.04000,
,,,0.000246400000,  -0.04000,
,,,0.000246500000,  -0.04000,
,,,0.000246600000,  -0.04000,
,,,0.000246700000,  -0.04000,
,,,0.000246800000,  -0.02000,
,,,0.000246900000,  -0.04000,
,,,0.000247000000,  -0.04000,
,,,0.000247100000,  -0.04000,
,,,0.000247200000,  -0.04000,
,,,0.000247300000,  -0.02000,
,,,0.000247400000,  -0.04000,
,,,0.000247500000,  -0.02000,
,,,0.000247600000,  -0.04000,
,,,0.000247700000,  -0.04000,
,,,0.000247800000,  -0.04000,
,,,0.000247900000,  -0.04000,
,,,0.000248000000,  -0.04000,
,,,0.000248100000,  -0.04000,
,,,0.000248200000,  -0.04000,
,,,0.000248300000,  -0.04000,
,,,0.000248400000,  -0.04000,
,,,0.000248500000,  -0.04000,
,,,0.000248600000,  -0.04000,
,,,0.000248700000,  -0.04000,
,,,0.000248800000,  -0.04000,
,,,0.000248900000,  -0.04000,
